customer_id,age,annual_income,credit_score,utilization_ratio,late_payments_12m,default_flag
100000,48,46243,566,0.98,1,0
100001,26,64544,515,0.99,0,0
100002,42,168788,651,0.37,1,0
100003,59,173974,647,1.11,0,1
100004,69,143903,749,0.31,0,0
100005,31,182160,600,0.85,2,1
100006,36,47565,592,0.95,2,0
100007,31,135929,813,0.99,3,1
100008,69,107258,622,1.18,0,1
100009,59,65755,533,0.34,0,0
100010,64,42196,533,0.42,1,1
100011,49,62240,575,0.89,1,1
100012,32,160821,579,0.61,1,0
100013,24,115893,759,0.06,0,0
100014,25,45782,765,0.04,1,0
100015,55,120727,669,0.86,2,1
100016,63,90663,610,0.2,2,0
100017,66,188158,671,0.55,0,0
100018,55,149161,771,0.88,2,1
100019,46,38331,612,1.13,2,0
100020,43,168287,790,0.51,1,0
100021,64,77621,783,0.99,0,0
100022,63,72904,717,1.24,1,0
100023,64,154950,774,0.21,2,0
100024,61,69726,710,0.27,1,0
100025,56,147120,679,1.06,1,0
100026,38,188056,827,1.03,3,0
100027,50,30197,634,1.27,2,0
100028,45,117876,674,0.83,0,0
100029,33,72231,741,0.6,0,0
100030,71,43511,720,1.04,0,0
100031,71,167899,773,0.61,0,1
100032,35,64995,770,1.12,1,0
100033,44,163760,501,0.88,2,0
100034,35,190208,590,0.03,3,0
100035,44,96313,698,0.41,1,0
100036,31,128022,549,1.04,3,1
100037,55,170854,833,1.2,2,0
100038,47,53648,697,0.98,1,1
100039,37,197985,515,1.01,1,1
100040,69,128648,769,0.67,0,0
100041,24,126377,585,0.67,1,0
100042,47,162838,555,0.8,2,1
100043,37,70303,751,0.78,0,0
100044,50,147040,523,0.29,0,0
100045,47,71199,533,0.08,1,0
100046,30,101133,699,0.55,2,0
100047,39,109542,532,0.26,0,0
100048,39,29041,803,1.3,2,0
100049,72,113953,657,1.11,0,0
100050,58,171887,506,0.26,1,0
100051,27,40597,500,0.99,0,0
100052,22,27970,777,0.5,0,0
100053,45,30935,562,0.09,0,0
100054,30,114575,654,0.04,1,1
100055,52,44971,828,1.03,1,0
100056,47,115941,607,1.18,1,0
100057,45,102433,746,0.14,1,0
100058,59,106663,576,1.16,0,0
100059,26,61730,732,1.15,1,1
100060,24,120493,747,1.33,3,0
100061,51,53015,604,0.7,0,0
100062,68,75672,720,1.12,1,0
100063,63,187456,765,1.3,1,0
100064,40,138949,842,0.35,0,0
100065,36,183579,515,1.13,0,0
100066,59,75999,768,1.11,1,0
100067,21,83851,824,1.35,1,0
100068,57,153417,788,1.02,0,1
100069,61,83518,616,0.72,0,0
100070,32,161275,715,1.22,2,0
100071,21,176580,829,0.41,1,1
100072,59,26229,658,1.34,1,0
100073,31,121900,632,0.6,1,0
100074,29,39886,761,0.34,2,0
100075,32,162637,689,0.01,0,0
100076,48,112745,708,1.23,0,0
100077,65,61859,711,0.62,2,0
100078,42,195454,528,0.71,2,0
100079,60,40224,581,0.4,5,0
100080,27,164648,733,0.38,1,0
100081,50,65796,606,1.24,1,0
100082,27,41655,663,0.24,1,1
100083,45,131490,806,0.91,4,1
100084,37,166894,692,1.31,1,0
100085,47,109709,544,1.35,2,0
100086,30,81009,724,0.37,0,0
100087,48,70339,659,0.67,0,0
100088,67,177387,559,0.05,0,1
100089,28,150259,658,1.1,1,0
100090,63,166955,783,1.32,2,0
100091,68,169143,553,0.99,2,0
100092,37,191364,701,1.06,3,0
100093,54,154614,573,0.42,0,1
100094,48,145914,849,0.89,2,1
100095,32,99820,825,1.18,1,0
100096,63,181754,843,1.15,0,0
100097,52,50075,674,0.77,1,0
100098,45,49683,749,0.13,1,0
100099,47,157735,786,1.19,1,1
100100,50,99262,830,1.03,0,1
100101,38,144965,711,0.82,2,0
100102,73,150899,556,0.46,2,0
100103,33,46454,679,0.2,0,1
100104,43,153086,780,0.26,2,0
100105,42,148393,505,0.64,0,0
100106,63,96995,569,1.39,0,1
100107,54,108009,628,1.02,2,0
100108,62,108904,668,0.21,2,0
100109,39,136968,630,0.31,1,0
100110,74,183448,761,0.41,3,0
100111,40,54532,644,0.45,0,0
100112,28,188984,628,0.37,2,0
100113,51,132692,831,1.15,1,1
100114,48,52308,730,1.06,1,0
100115,69,156734,603,0.12,1,0
100116,43,110999,671,0.38,2,0
100117,28,153514,791,1.11,0,0
100118,36,109467,575,1.21,1,0
100119,64,85141,709,0.7,0,1
100120,51,27994,637,1.05,1,0
100121,45,63547,708,1.12,0,0
100122,40,80809,837,0.43,1,0
100123,42,171175,511,1.11,2,1
100124,46,50402,839,1.25,0,1
100125,63,29076,594,0.36,0,0
100126,65,69118,619,0.98,2,0
100127,65,41295,808,0.62,1,0
100128,60,50717,687,1.15,1,0
100129,59,127456,734,0.69,2,0
100130,52,188366,552,0.5,3,0
100131,34,198580,774,0.61,0,0
100132,23,79750,558,0.17,1,0
100133,44,176476,532,1.34,1,0
100134,30,76898,768,0.21,0,0
100135,38,75652,595,0.36,1,1
100136,51,196987,602,1.35,3,0
100137,38,116158,722,0.31,1,0
100138,35,97106,518,0.7,2,1
100139,34,178799,530,0.79,0,0
100140,55,26864,691,0.75,3,0
100141,43,135564,728,0.51,2,1
100142,70,158186,587,0.92,2,0
100143,33,66075,826,0.63,0,0
100144,45,125973,822,1.4,0,1
100145,47,73868,801,1.05,0,0
100146,32,35828,727,0.87,0,1
100147,23,45450,761,1.25,3,0
100148,22,84099,614,1.07,1,0
100149,74,156844,754,1.23,1,1
100150,50,35296,607,1.16,0,0
100151,62,175653,518,1.07,0,0
100152,26,110150,791,0.22,0,1
100153,58,73202,732,0.08,0,0
100154,33,124945,514,0.56,1,0
100155,49,111918,633,0.83,1,0
100156,40,29994,568,0.25,0,0
100157,52,154597,638,0.62,1,0
100158,70,145710,663,1.06,1,0
100159,32,93086,637,0.75,1,1
100160,42,28163,560,0.49,0,0
100161,25,169987,838,0.25,4,0
100162,51,158882,757,1.17,1,0
100163,21,167209,552,0.96,0,1
100164,57,95259,729,0.29,0,0
100165,68,32354,515,1.21,1,0
100166,52,133325,790,1.11,1,0
100167,31,166077,803,0.28,1,0
100168,24,133819,787,0.36,1,0
100169,55,160591,574,0.53,0,0
100170,53,133418,767,0.53,0,0
100171,63,77280,560,0.49,2,0
100172,35,154927,738,1.01,0,0
100173,28,65306,697,0.53,2,0
100174,70,162340,753,1.31,1,0
100175,58,191515,525,1.13,0,1
100176,70,80151,707,0.51,2,0
100177,22,41524,772,0.71,2,1
100178,71,31154,782,1.05,1,0
100179,42,75897,600,1.19,2,0
100180,31,158871,833,0.31,2,0
100181,39,25582,728,1.16,2,0
100182,52,41615,538,1.26,0,0
100183,56,191650,798,1.18,0,0
100184,61,134933,540,1.13,2,0
100185,65,38738,719,0.87,0,0
100186,64,178045,717,0.66,1,0
100187,70,78426,632,0.83,0,0
100188,53,157105,637,1.31,2,0
100189,65,126185,795,0.37,1,0
100190,30,103776,826,1.09,1,0
100191,69,199688,632,1.12,2,1
100192,54,100526,705,0.13,0,0
100193,69,74784,720,0.05,1,0
100194,71,174289,526,1.39,1,0
100195,62,151732,828,1.11,1,1
100196,27,46010,787,1.2,3,0
100197,21,181866,717,0.15,4,0
100198,49,82573,765,0.45,1,0
100199,68,193574,602,0.28,2,0
100200,73,76837,681,0.71,0,0
100201,27,101548,791,0.26,2,0
100202,21,84434,780,0.72,2,0
100203,67,153645,553,1.13,1,0
100204,31,100273,636,0.01,0,0
100205,27,146902,838,0.46,0,0
100206,74,124622,579,1.21,0,0
100207,70,124228,717,0.29,0,0
100208,58,192122,757,0.64,2,0
100209,56,125219,566,1.25,1,0
100210,37,124030,688,0.27,2,1
100211,22,67565,639,0.83,1,0
100212,64,51877,614,1.33,0,1
100213,59,168589,658,1.29,0,0
100214,29,117542,532,0.38,0,0
100215,69,135098,712,0.65,0,0
100216,34,182894,523,0.28,2,1
100217,55,95819,560,0.62,0,1
100218,74,92557,600,0.63,2,0
100219,31,62759,582,0.46,1,0
100220,62,131520,572,0.85,3,1
100221,50,168312,762,0.45,1,0
100222,33,31241,582,0.75,0,0
100223,39,48926,505,0.85,2,0
100224,32,29110,654,0.55,0,1
100225,52,160942,562,0.83,0,0
100226,21,91905,836,0.79,3,1
100227,58,170405,600,0.61,0,0
100228,70,126280,706,0.05,2,0
100229,56,156092,695,0.67,3,0
100230,33,111052,598,0.7,0,0
100231,55,153430,837,0.41,0,1
100232,41,125855,705,1.03,1,0
100233,50,78435,728,0.43,1,0
100234,73,103127,502,0.94,3,0
100235,55,178551,698,0.67,0,0
100236,70,185566,772,0.09,0,0
100237,54,185665,820,1.12,0,0
100238,48,68762,732,0.56,1,0
100239,55,78887,661,0.25,3,0
100240,22,113890,577,0.44,2,0
100241,28,64773,737,1.31,4,0
100242,32,180032,718,1.0,1,1
100243,33,74765,696,0.53,1,0
100244,41,117542,813,0.59,0,0
100245,41,189872,799,0.96,2,0
100246,40,56532,688,1.23,2,0
100247,47,63378,712,1.17,0,0
100248,61,157302,780,0.21,2,1
100249,49,168946,622,1.04,3,0
100250,25,69521,774,0.34,3,0
100251,25,28464,711,0.29,0,0
100252,53,68348,543,0.25,2,0
100253,70,104190,514,1.24,1,0
100254,58,91684,510,1.31,1,0
100255,47,124888,588,0.7,1,0
100256,67,177628,570,0.18,3,0
100257,68,151144,501,0.41,0,0
100258,21,25938,670,1.3,1,1
100259,65,80137,616,0.6,3,0
100260,31,90705,670,1.34,2,0
100261,58,84788,561,0.04,1,0
100262,71,49867,724,0.07,1,0
100263,31,167698,609,0.78,0,1
100264,44,104673,570,1.36,2,0
100265,55,143249,577,0.52,1,0
100266,58,111832,533,0.0,2,1
100267,73,134285,558,1.37,4,0
100268,72,196941,700,0.32,1,0
100269,33,35309,502,1.15,0,0
100270,52,182302,666,1.09,2,0
100271,64,99581,526,0.0,3,0
100272,29,25180,743,0.07,2,0
100273,72,48517,639,0.64,0,1
100274,61,163131,709,0.66,2,1
100275,48,60054,531,1.18,2,0
100276,56,177160,741,1.08,5,0
100277,65,160014,680,0.28,2,1
100278,26,153945,665,1.0,3,0
100279,51,116935,603,1.3,1,0
100280,42,54811,578,0.04,2,1
100281,70,179960,576,0.83,3,0
100282,30,92195,532,1.13,3,0
100283,40,116346,815,0.19,0,0
100284,29,76924,680,0.26,0,1
100285,48,67420,651,0.64,0,0
100286,31,193250,648,0.42,3,0
100287,44,184545,603,0.83,0,0
100288,32,152322,673,0.72,1,0
100289,50,148737,611,0.23,0,1
100290,47,78565,763,1.02,1,0
100291,40,72687,506,0.91,2,0
100292,67,116022,534,1.13,1,1
100293,61,137884,559,0.32,5,0
100294,64,159043,566,0.35,1,0
100295,32,67809,792,0.73,2,0
100296,30,83434,789,0.03,2,1
100297,62,98164,605,1.25,1,1
100298,62,52339,646,0.36,3,0
100299,26,73607,793,0.89,2,0
100300,66,175368,839,1.05,0,0
100301,46,165191,606,0.37,1,0
100302,57,52911,821,0.91,1,0
100303,73,153112,642,0.42,1,0
100304,41,62424,781,0.59,2,0
100305,44,125427,612,1.21,2,0
100306,31,96674,506,0.44,2,1
100307,47,57077,730,1.13,3,0
100308,36,144649,742,1.07,3,0
100309,45,69967,829,1.08,1,0
100310,69,30714,699,0.21,1,0
100311,74,175073,655,0.97,5,0
100312,34,25534,731,0.16,2,1
100313,72,53229,760,0.41,1,0
100314,32,132892,534,0.77,0,0
100315,36,107118,592,1.39,2,0
100316,34,68823,692,0.43,2,1
100317,70,139079,506,0.72,1,0
100318,23,152256,613,0.85,0,0
100319,54,196446,623,0.72,0,0
100320,69,105319,547,0.56,2,0
100321,65,157653,614,0.11,3,0
100322,25,87698,813,0.09,2,1
100323,36,138398,627,0.28,3,0
100324,36,177974,748,0.33,0,0
100325,47,38522,696,0.1,0,0
100326,28,169811,669,1.21,1,0
100327,52,76765,595,0.86,0,0
100328,43,191031,555,0.12,1,1
100329,49,143723,500,0.21,3,1
100330,74,127125,592,0.03,2,0
100331,64,144859,620,0.06,4,1
100332,73,177545,540,0.91,2,0
100333,37,134706,544,0.29,4,0
100334,53,52696,634,0.11,2,1
100335,58,150010,609,0.19,2,0
100336,36,161605,777,1.28,1,0
100337,33,165790,503,0.68,1,0
100338,35,106011,801,0.67,0,0
100339,64,197875,599,0.37,3,0
100340,64,158569,654,0.27,1,0
100341,74,92261,575,1.12,0,0
100342,65,145009,819,1.0,0,0
100343,25,141361,756,0.12,0,0
100344,65,166278,611,1.15,2,0
100345,67,66208,584,1.1,1,0
100346,41,64003,685,0.99,1,1
100347,33,131038,706,0.49,0,0
100348,38,58001,658,0.25,2,1
100349,60,75236,823,0.29,1,0
100350,71,99256,594,0.55,1,0
100351,39,121941,828,0.29,1,0
100352,55,153104,519,0.66,0,0
100353,42,25187,771,0.59,1,0
100354,72,121240,807,0.65,2,0
100355,46,73628,763,0.26,1,0
100356,21,85298,520,0.07,3,0
100357,58,108331,592,0.0,1,0
100358,69,74632,803,1.03,2,1
100359,31,91474,781,0.66,1,0
100360,58,162081,686,0.06,0,0
100361,62,192118,675,0.59,1,0
100362,26,117105,625,0.56,6,0
100363,65,137522,694,0.21,1,0
100364,57,159029,574,0.86,1,1
100365,66,99950,563,0.24,1,0
100366,59,115961,654,0.51,1,0
100367,38,142162,793,0.12,1,0
100368,28,177491,795,0.66,1,0
100369,22,131189,548,0.98,1,0
100370,54,141737,630,0.72,2,0
100371,29,169465,757,0.83,0,0
100372,27,134581,693,0.0,0,0
100373,26,28249,665,0.24,1,0
100374,40,132969,609,0.31,0,0
100375,69,82793,837,0.66,0,0
100376,53,115771,562,0.79,0,0
100377,43,120594,702,0.57,1,0
100378,65,38109,754,0.55,1,0
100379,43,189195,625,0.96,2,0
100380,33,160793,538,0.8,0,1
100381,37,159354,825,0.14,0,0
100382,30,148476,674,1.23,1,0
100383,43,67032,739,0.99,2,0
100384,73,92405,769,1.04,1,0
100385,25,124411,709,0.77,0,0
100386,30,155321,777,1.02,2,0
100387,34,150740,687,0.88,0,1
100388,57,90292,767,0.25,0,0
100389,72,145325,789,0.64,2,0
100390,40,176439,717,1.25,0,0
100391,39,165221,795,0.49,0,0
100392,25,64753,676,0.35,0,0
100393,49,88422,583,0.7,2,0
100394,47,112588,737,0.76,1,0
100395,25,104496,573,0.07,1,1
100396,69,181188,837,0.94,0,0
100397,59,135972,588,0.06,2,0
100398,72,199323,683,0.29,0,0
100399,61,68273,500,0.4,1,0
100400,41,117983,578,0.4,2,1
100401,35,55421,713,0.48,2,0
100402,61,147381,687,0.21,0,0
100403,23,132269,633,1.38,1,1
100404,44,98838,811,1.01,2,0
100405,70,192155,541,0.29,2,0
100406,39,186017,564,0.89,1,0
100407,74,140745,793,0.93,1,0
100408,23,149204,781,1.19,1,0
100409,61,131472,762,0.58,0,1
100410,28,96885,824,0.71,2,1
100411,22,107551,845,0.88,0,0
100412,45,87989,674,1.19,0,0
100413,68,89315,783,0.53,1,0
100414,41,43075,768,1.39,0,1
100415,23,181874,631,0.3,1,0
100416,24,153513,681,0.02,1,0
100417,64,73448,615,0.9,0,0
100418,33,93157,847,1.29,1,0
100419,70,160633,819,0.33,4,0
100420,44,154351,742,1.22,0,0
100421,65,190804,730,0.31,1,0
100422,61,178330,677,1.35,3,0
100423,70,189070,711,0.68,0,0
100424,70,26348,730,0.47,0,0
100425,59,117503,732,0.34,0,1
100426,60,138237,722,0.42,1,0
100427,34,81793,768,0.72,2,0
100428,29,145463,716,0.54,0,0
100429,72,44710,805,1.14,1,1
100430,49,139522,560,1.24,0,0
100431,31,156051,664,0.95,0,0
100432,59,31236,529,1.33,2,1
100433,52,47207,508,0.42,1,0
100434,39,146506,774,0.01,2,0
100435,27,165851,840,1.34,1,0
100436,25,28344,727,1.22,0,0
100437,21,81004,589,0.32,2,0
100438,51,69283,529,1.18,0,0
100439,54,199753,684,0.97,1,0
100440,48,58373,662,0.03,1,0
100441,74,195737,554,1.24,1,0
100442,48,141544,610,0.76,0,1
100443,71,37567,541,1.36,0,0
100444,27,153261,843,1.22,2,0
100445,41,133636,756,0.51,0,0
100446,23,61986,620,1.25,2,0
100447,49,183608,782,1.36,3,0
100448,30,38415,803,0.39,2,0
100449,36,70115,580,0.33,1,0
100450,60,179455,706,0.65,0,0
100451,74,57861,513,0.84,2,1
100452,74,98464,651,0.24,0,0
100453,44,61701,564,0.69,1,0
100454,24,191899,648,0.45,3,0
100455,42,56993,721,0.83,3,0
100456,36,73800,831,1.2,0,0
100457,27,112804,713,1.35,1,0
100458,44,176800,538,0.03,0,0
100459,29,28138,599,0.64,3,0
100460,24,47262,730,0.98,0,0
100461,22,39863,574,0.45,1,0
100462,65,77733,736,0.16,0,0
100463,74,90984,552,1.02,0,1
100464,22,79256,806,0.62,0,0
100465,24,37673,813,0.78,2,0
100466,71,184552,764,0.41,1,0
100467,46,77162,686,0.03,1,0
100468,57,45794,542,1.07,3,0
100469,50,102309,628,1.24,0,0
100470,50,141956,598,1.22,0,0
100471,31,152350,776,0.67,1,0
100472,54,114671,531,0.09,2,0
100473,35,60171,783,0.29,0,0
100474,31,186448,530,0.93,0,0
100475,52,160295,664,0.54,1,0
100476,35,115944,589,0.6,0,0
100477,28,25754,527,0.65,3,1
100478,61,74119,621,0.26,0,0
100479,67,133093,548,0.21,0,0
100480,38,39582,673,1.0,0,0
100481,60,80451,807,0.85,0,1
100482,41,121280,604,0.14,3,0
100483,21,89721,614,0.73,1,0
100484,56,150402,701,0.2,1,0
100485,59,115146,519,0.15,0,0
100486,52,184468,830,0.55,0,1
100487,48,140199,815,1.24,0,0
100488,56,168751,524,0.25,3,1
100489,72,73991,652,0.79,0,1
100490,74,94843,633,0.79,3,0
100491,65,108341,572,0.38,2,1
100492,41,151385,516,1.02,1,0
100493,46,199187,602,0.42,1,0
100494,54,167250,689,1.16,1,0
100495,37,136738,808,0.31,1,0
100496,35,36069,687,0.79,1,0
100497,53,155740,556,0.61,0,1
100498,61,179071,655,1.33,2,0
100499,50,38521,652,1.03,1,0
100500,70,144209,709,0.12,0,0
100501,69,78640,619,1.07,2,0
100502,23,90452,588,1.33,0,0
100503,45,29757,704,0.17,1,1
100504,45,138975,768,1.2,2,0
100505,33,154028,627,1.01,0,0
100506,49,42219,838,0.61,4,1
100507,29,90625,811,0.52,1,0
100508,45,197136,712,0.91,1,0
100509,22,45548,814,0.44,0,0
100510,28,156241,639,0.45,0,0
100511,62,78202,746,0.36,1,0
100512,33,83215,511,0.83,0,0
100513,36,159462,798,0.99,0,0
100514,40,62336,682,0.35,0,0
100515,45,89495,607,0.95,3,0
100516,25,31179,527,0.81,1,0
100517,30,146559,615,1.18,2,0
100518,33,128917,569,0.59,1,0
100519,28,40503,578,0.77,1,0
100520,67,101149,575,0.18,2,0
100521,34,48230,759,0.19,1,0
100522,65,100139,751,0.79,0,0
100523,71,122208,613,1.02,2,0
100524,26,115643,835,0.7,2,1
100525,74,46140,543,1.1,2,0
100526,46,185398,834,0.56,1,0
100527,46,72330,808,0.31,1,0
100528,36,77981,788,0.13,1,0
100529,39,62630,578,0.45,0,1
100530,63,137140,569,0.28,1,0
100531,46,135968,562,1.38,0,0
100532,50,197334,720,0.64,0,0
100533,68,136436,654,1.29,0,0
100534,31,55202,658,1.05,1,0
100535,71,189487,725,0.11,1,0
100536,35,167019,512,0.95,4,0
100537,57,176441,704,0.96,0,0
100538,26,126305,732,1.07,3,0
100539,68,27431,748,1.34,3,0
100540,28,168176,830,0.07,2,0
100541,42,161166,645,0.03,0,1
100542,55,199830,513,0.58,2,0
100543,62,168684,523,0.12,1,0
100544,30,128479,749,1.11,1,0
100545,53,105813,795,0.24,0,1
100546,27,29136,801,0.81,2,0
100547,50,76978,650,1.17,1,0
100548,65,133208,687,1.28,0,0
100549,34,31682,800,0.8,2,0
100550,53,42717,731,0.49,2,0
100551,63,124651,551,0.9,1,0
100552,24,170598,552,0.76,3,0
100553,68,121264,753,1.13,0,0
100554,52,28172,694,0.44,1,1
100555,38,122014,801,0.84,2,0
100556,30,36366,668,0.94,2,0
100557,54,33075,816,0.44,0,0
100558,30,67436,617,1.17,3,0
100559,68,69161,570,0.89,1,0
100560,47,45525,729,0.81,2,0
100561,56,44656,812,0.54,5,0
100562,60,181832,519,0.35,2,0
100563,50,180474,640,0.72,0,0
100564,66,140095,513,0.99,1,0
100565,27,52112,811,0.14,1,0
100566,30,141030,542,0.87,1,0
100567,69,181558,544,0.31,2,0
100568,28,131536,712,0.25,4,0
100569,73,108670,801,1.08,4,0
100570,69,148356,692,0.0,1,0
100571,35,127674,626,0.82,1,0
100572,56,86591,809,0.73,1,0
100573,34,184027,633,0.26,0,0
100574,65,75170,847,0.07,0,0
100575,60,32915,629,0.76,1,0
100576,26,126310,657,0.88,0,1
100577,58,175521,629,0.12,2,0
100578,51,53138,733,0.59,1,0
100579,52,36172,666,0.55,3,1
100580,29,104282,741,0.5,2,0
100581,24,136886,560,0.19,1,0
100582,47,74128,758,0.58,1,0
100583,21,176924,658,0.92,0,1
100584,49,94184,536,0.65,1,0
100585,52,198930,685,0.06,2,1
100586,31,117389,518,0.65,1,0
100587,67,145148,808,0.96,0,0
100588,43,166527,838,0.94,0,0
100589,65,74793,801,0.16,2,0
100590,56,132989,523,0.75,2,1
100591,51,160150,819,0.42,1,0
100592,33,93405,764,0.45,0,0
100593,43,79967,828,1.35,2,0
100594,59,34888,736,0.34,1,1
100595,46,184541,821,0.53,2,0
100596,26,67390,703,0.19,2,0
100597,34,195197,754,0.83,2,1
100598,34,136833,642,0.93,0,0
100599,58,123639,594,0.1,0,0
100600,72,193417,778,0.05,0,0
100601,30,120669,541,1.35,1,0
100602,53,90624,652,0.06,5,0
100603,52,144594,549,0.98,0,0
100604,49,141070,708,0.82,0,0
100605,70,186631,631,1.11,1,0
100606,45,76994,537,0.09,1,0
100607,56,151074,697,0.4,1,0
100608,69,65002,651,0.88,1,0
100609,67,55520,629,0.52,4,0
100610,48,93481,500,0.09,3,0
100611,48,131169,656,0.28,1,0
100612,70,141672,508,0.98,0,0
100613,43,30443,629,0.23,0,1
100614,71,153320,519,0.65,0,0
100615,70,71153,775,0.17,1,0
100616,58,112412,500,1.34,1,0
100617,72,104232,801,0.44,0,0
100618,52,193928,608,0.18,1,0
100619,45,42050,804,0.7,1,0
100620,29,157113,574,0.96,1,0
100621,21,104536,728,0.61,0,0
100622,47,190511,617,0.29,1,0
100623,37,56563,607,0.18,0,0
100624,31,57347,588,0.55,2,0
100625,71,120851,586,0.44,0,0
100626,70,162792,592,0.77,3,0
100627,21,48761,759,0.15,0,0
100628,73,27297,665,1.24,2,0
100629,43,174351,740,0.29,2,0
100630,23,179297,532,0.39,3,0
100631,50,130246,739,0.82,2,0
100632,27,36898,695,0.65,1,0
100633,70,33365,666,1.1,1,0
100634,26,150811,538,0.12,1,0
100635,21,93808,783,0.09,2,0
100636,24,183702,610,0.75,0,1
100637,62,28502,583,0.67,2,1
100638,47,57146,633,1.3,2,1
100639,55,180123,832,1.35,2,0
100640,44,175206,638,1.1,0,0
100641,59,161812,511,1.02,0,1
100642,68,42746,794,0.34,1,0
100643,56,99996,637,0.54,2,0
100644,60,124212,660,0.97,3,0
100645,51,83480,532,0.15,2,0
100646,60,187192,767,0.88,0,0
100647,63,43499,781,0.32,2,0
100648,62,58936,668,0.92,0,0
100649,71,193387,613,0.56,2,0
100650,24,46951,601,0.75,0,0
100651,29,102989,603,0.27,1,0
100652,63,183120,659,0.58,2,0
100653,31,94529,603,0.69,0,0
100654,46,161898,520,0.34,1,1
100655,71,145809,525,0.53,1,0
100656,38,99169,525,0.1,1,0
100657,23,137081,817,0.07,1,0
100658,49,57394,747,1.16,1,0
100659,37,80622,610,0.71,1,0
100660,43,197279,642,1.04,0,0
100661,59,188354,579,0.54,1,0
100662,30,81138,617,0.02,0,0
100663,46,55090,716,1.38,1,0
100664,35,128947,605,0.57,1,0
100665,53,28420,741,1.07,2,0
100666,24,38560,840,0.36,2,0
100667,52,56215,622,1.31,2,0
100668,35,135542,634,1.36,1,1
100669,63,142336,625,1.09,2,1
100670,53,56051,537,0.72,1,0
100671,30,174444,635,1.28,2,0
100672,64,101490,511,0.62,2,0
100673,38,183251,501,1.06,0,0
100674,68,52292,686,0.72,0,0
100675,33,124563,741,0.95,1,0
100676,59,31697,846,0.35,0,0
100677,42,140817,751,0.84,0,1
100678,62,94934,760,0.5,0,0
100679,48,36608,722,0.47,0,0
100680,46,52616,667,0.52,2,1
100681,61,137402,630,0.77,1,0
100682,28,191092,692,0.35,1,0
100683,68,124987,598,1.0,2,1
100684,27,186430,785,0.9,0,0
100685,34,74209,732,0.81,0,0
100686,61,30927,732,1.25,0,0
100687,57,60430,797,0.41,1,0
100688,48,25404,698,0.84,1,0
100689,58,120906,567,1.07,1,0
100690,34,42733,780,0.02,2,1
100691,28,135452,688,0.88,2,0
100692,22,141703,569,0.91,1,0
100693,74,99270,608,1.16,0,0
100694,24,166619,587,0.19,4,0
100695,42,154911,747,0.75,1,0
100696,36,84900,519,0.66,1,0
100697,41,40887,780,0.76,2,0
100698,62,45816,696,0.51,2,1
100699,74,48335,822,0.05,0,0
100700,52,172932,586,0.88,2,1
100701,48,192501,706,0.33,1,1
100702,58,160560,759,0.34,1,1
100703,59,41195,739,1.33,1,0
100704,56,40492,582,0.49,5,0
100705,41,165430,537,0.1,2,1
100706,47,156420,657,0.02,2,0
100707,73,107764,517,0.47,0,0
100708,60,157137,833,1.36,2,0
100709,22,154254,560,1.39,0,0
100710,28,107036,787,1.4,1,0
100711,26,113051,782,1.25,0,0
100712,47,133817,655,0.52,2,0
100713,35,116482,771,0.76,2,0
100714,40,128906,512,1.27,2,0
100715,58,76572,706,0.78,2,0
100716,63,112717,847,0.65,0,0
100717,39,28993,654,0.07,3,0
100718,39,165186,528,0.83,1,0
100719,55,154490,717,0.1,1,0
100720,63,30968,736,1.2,1,0
100721,58,121000,577,0.33,1,1
100722,57,106756,827,0.03,1,0
100723,40,43985,829,0.94,5,0
100724,28,138050,526,1.29,1,0
100725,44,102157,656,0.35,1,0
100726,51,195883,647,1.32,1,1
100727,35,107403,653,0.12,0,0
100728,43,109462,728,0.21,1,0
100729,28,194127,809,0.88,0,0
100730,25,74102,770,0.76,1,0
100731,41,73530,721,0.13,3,0
100732,52,54798,756,0.13,0,0
100733,53,120287,701,0.47,1,0
100734,38,182790,658,0.64,1,1
100735,33,86884,815,0.37,0,0
100736,50,177196,720,0.97,2,0
100737,23,168059,788,0.11,1,0
100738,53,179082,836,0.25,1,0
100739,38,97838,692,0.39,1,1
100740,69,98953,555,1.4,1,0
100741,49,74864,520,0.84,2,0
100742,48,121294,772,0.65,0,0
100743,30,174026,657,0.6,1,0
100744,56,103277,816,0.87,2,0
100745,22,141666,537,0.07,1,0
100746,55,68357,633,1.22,1,0
100747,65,158088,735,0.92,1,0
100748,30,119890,618,0.88,1,1
100749,42,82479,770,0.79,3,0
100750,36,70970,833,0.7,3,0
100751,63,98997,639,0.55,0,1
100752,71,104134,750,1.21,2,0
100753,50,73703,653,0.17,0,0
100754,55,173829,671,0.34,0,0
100755,28,50701,760,1.11,1,0
100756,36,89205,814,0.21,1,0
100757,73,199394,763,1.01,0,0
100758,70,193346,824,0.9,0,0
100759,27,112012,512,0.8,1,0
100760,74,182611,626,1.36,0,1
100761,51,109868,664,0.78,2,0
100762,21,136667,691,0.36,1,0
100763,26,103739,817,1.23,1,0
100764,24,82556,733,0.96,1,1
100765,56,185076,522,0.74,1,1
100766,68,32638,731,1.36,1,0
100767,32,41288,665,0.56,1,0
100768,35,43975,664,0.08,1,0
100769,52,64050,558,0.5,2,0
100770,33,130882,616,0.91,3,0
100771,69,192466,708,1.39,2,0
100772,68,121944,608,0.49,1,0
100773,34,39006,594,0.81,1,0
100774,60,57143,824,0.23,1,0
100775,27,140333,823,0.79,1,0
100776,25,125379,735,1.25,0,0
100777,60,144934,848,1.16,0,0
100778,23,111482,579,0.87,2,0
100779,69,107626,699,1.07,1,0
100780,44,27486,777,1.02,1,0
100781,64,164902,573,1.24,0,0
100782,39,34776,644,0.79,5,0
100783,70,126792,591,1.15,1,0
100784,52,31502,705,0.53,2,1
100785,62,102404,816,1.37,2,0
100786,38,154938,756,0.67,0,0
100787,53,194129,717,0.51,1,0
100788,49,138857,834,0.42,2,1
100789,59,68286,820,0.81,0,0
100790,57,63437,843,0.06,1,0
100791,70,71995,814,0.45,0,1
100792,49,191634,787,0.13,1,1
100793,23,135537,577,0.26,0,0
100794,21,145896,606,1.18,1,0
100795,60,86933,807,1.14,1,0
100796,34,197338,787,1.09,2,0
100797,36,94464,677,1.3,0,0
100798,54,43951,512,1.11,0,1
100799,22,193302,552,0.26,1,0
100800,58,187548,665,0.49,1,0
100801,22,88066,745,0.63,1,0
100802,41,142194,637,1.18,2,1
100803,60,27467,782,0.6,1,0
100804,30,103399,712,0.06,0,1
100805,63,182861,737,0.16,0,0
100806,26,150482,816,1.19,1,0
100807,45,177588,561,1.29,3,0
100808,54,50565,593,0.49,0,0
100809,26,183915,734,1.08,0,0
100810,58,72969,759,0.49,0,0
100811,27,78709,770,1.15,1,0
100812,63,118955,516,0.39,1,0
100813,30,138948,564,0.98,2,0
100814,22,102820,616,0.15,0,0
100815,73,51073,557,0.94,0,0
100816,56,184368,685,1.16,2,0
100817,29,28121,581,0.04,0,0
100818,58,122513,831,1.09,0,0
100819,37,36158,794,0.2,0,0
100820,28,90743,512,0.78,1,1
100821,30,146827,558,0.93,1,1
100822,23,184759,821,0.26,2,1
100823,53,86788,524,0.49,1,0
100824,22,97475,732,1.17,5,0
100825,54,99931,769,0.44,1,0
100826,58,80862,527,0.93,0,1
100827,44,183136,628,0.01,1,0
100828,32,50165,631,0.55,0,0
100829,46,152891,610,0.39,5,1
100830,58,164531,540,0.18,2,0
100831,68,195201,608,0.9,2,0
100832,44,33692,844,0.35,0,0
100833,25,69797,745,0.33,0,0
100834,24,112491,671,0.32,1,1
100835,70,149473,647,1.27,2,1
100836,41,94789,799,1.16,0,0
100837,69,116815,689,0.55,3,0
100838,62,123251,781,0.2,2,0
100839,34,178434,578,1.25,0,0
100840,71,151565,827,0.29,3,0
100841,73,59450,573,0.76,7,1
100842,40,122528,634,0.75,2,0
100843,67,110403,547,0.14,1,0
100844,40,100699,779,1.07,2,1
100845,43,147334,532,1.05,0,1
100846,43,41039,631,0.33,1,0
100847,59,60098,672,0.46,0,0
100848,35,30547,618,0.02,0,1
100849,31,178032,805,1.01,3,0
100850,54,106805,589,0.0,1,0
100851,50,73513,703,1.06,3,0
100852,38,86183,717,1.11,0,0
100853,52,156214,577,0.78,0,0
100854,64,161586,697,0.48,2,1
100855,64,43720,814,0.09,2,1
100856,58,177169,533,0.61,1,1
100857,65,44723,604,0.96,1,0
100858,42,154262,820,0.06,0,0
100859,73,46058,767,1.32,0,0
100860,45,59667,753,0.84,3,0
100861,56,189398,536,0.52,0,0
100862,68,25626,555,0.47,0,0
100863,69,138148,727,0.0,1,0
100864,61,46579,610,1.29,0,0
100865,33,149146,731,0.83,0,1
100866,24,166720,756,0.74,1,0
100867,73,87659,802,0.77,0,0
100868,63,43469,633,0.15,0,1
100869,58,45862,635,1.15,1,0
100870,60,174670,827,1.23,0,0
100871,74,25368,840,1.38,0,0
100872,33,141101,650,1.09,1,0
100873,43,132352,722,1.18,0,0
100874,67,65157,809,0.77,3,0
100875,39,123107,642,0.92,2,0
100876,69,77171,683,0.94,0,0
100877,29,57898,510,0.78,1,0
100878,55,170488,646,0.36,2,0
100879,34,163919,535,0.95,0,0
100880,26,122840,534,1.35,3,0
100881,46,47197,647,1.02,2,0
100882,73,118635,638,0.75,0,0
100883,69,85748,815,1.32,2,0
100884,22,35639,691,0.8,1,0
100885,37,100699,665,1.35,4,0
100886,55,172908,773,0.65,0,1
100887,35,175468,746,1.36,2,0
100888,37,127491,782,1.12,2,0
100889,62,127816,751,0.34,2,1
100890,70,164487,687,1.09,1,1
100891,25,199345,612,0.52,1,0
100892,57,173193,629,0.31,1,1
100893,56,100517,515,0.17,2,0
100894,58,184836,735,1.15,2,0
100895,26,125824,596,1.04,1,1
100896,46,110014,841,1.01,3,0
100897,34,144390,750,0.05,1,0
100898,39,72460,542,0.17,0,0
100899,73,181794,715,0.02,1,0
100900,74,118558,775,0.83,2,0
100901,43,72382,516,1.11,0,0
100902,69,151867,584,0.47,0,0
100903,60,134525,592,1.09,0,0
100904,47,180061,574,1.22,0,0
100905,53,60542,613,1.2,0,0
100906,26,64398,668,0.22,3,0
100907,41,169452,504,1.29,2,0
100908,64,190861,809,1.19,1,0
100909,28,171852,769,0.17,0,0
100910,62,29136,809,1.19,0,0
100911,74,151792,665,0.47,1,1
100912,68,45089,698,0.19,3,0
100913,34,65084,786,0.58,2,1
100914,51,188952,593,0.9,2,0
100915,65,161101,569,1.0,0,1
100916,27,168530,765,0.9,3,0
100917,55,136781,751,0.35,1,0
100918,73,141108,545,0.94,1,1
100919,72,180699,639,0.85,0,1
100920,41,160930,595,0.53,0,0
100921,61,62600,755,0.68,2,0
100922,50,182741,514,0.24,1,0
100923,26,177317,554,0.9,1,0
100924,32,87028,848,0.71,0,1
100925,48,163351,615,0.21,0,0
100926,57,89190,657,0.11,1,0
100927,39,183456,501,0.37,0,0
100928,33,101520,640,1.24,0,0
100929,55,82266,828,1.2,0,0
100930,34,122894,541,0.45,1,0
100931,66,175137,615,0.39,0,0
100932,67,178576,751,0.12,0,1
100933,64,130053,795,0.36,0,0
100934,42,151967,574,1.0,2,0
100935,39,180764,503,0.91,3,0
100936,45,121607,578,0.83,1,0
100937,52,92221,752,0.83,1,1
100938,61,156554,633,0.99,1,0
100939,62,164420,688,0.13,2,0
100940,47,174629,597,1.23,0,1
100941,26,167985,743,0.81,0,1
100942,67,62696,826,0.03,3,0
100943,67,164219,604,0.88,2,1
100944,46,61356,729,0.22,1,0
100945,49,31644,559,0.13,1,0
100946,63,87852,671,1.11,1,0
100947,41,84399,502,0.49,1,1
100948,33,190141,785,1.06,1,0
100949,35,84410,705,0.63,0,0
100950,30,89643,604,0.21,0,0
100951,56,45514,600,1.36,3,0
100952,61,153679,653,0.79,3,0
100953,35,81596,615,0.13,1,0
100954,68,49357,510,0.24,1,0
100955,63,147060,721,0.11,3,1
100956,21,36814,638,0.73,2,0
100957,60,112985,844,1.16,1,0
100958,63,120052,570,0.2,1,0
100959,22,41879,533,0.29,2,1
100960,33,126237,522,0.62,1,0
100961,27,132715,728,0.59,3,0
100962,39,95220,589,0.46,1,0
100963,71,148135,849,1.09,2,0
100964,55,199327,561,0.71,0,0
100965,23,41307,686,0.68,1,0
100966,21,62503,724,0.52,0,0
100967,72,135794,804,0.65,1,1
100968,58,188812,771,0.81,0,0
100969,26,106081,526,0.85,0,0
100970,59,34204,761,1.36,0,0
100971,45,32022,791,1.17,1,0
100972,34,52105,608,0.19,0,0
100973,25,42127,821,0.59,0,0
100974,32,95886,843,0.51,0,0
100975,70,180088,548,0.27,1,0
100976,57,192584,667,1.15,3,0
100977,27,102693,749,0.4,1,0
100978,64,85937,821,0.98,2,0
100979,47,37012,664,1.05,0,0
100980,49,43862,653,1.04,0,0
100981,45,179335,614,0.21,2,0
100982,57,103024,513,0.03,4,0
100983,61,43674,682,1.29,2,0
100984,43,123843,749,0.66,1,0
100985,47,191696,803,1.4,2,1
100986,24,79409,623,0.38,2,0
100987,61,145155,642,0.77,2,1
100988,38,51121,540,0.93,0,1
100989,73,199612,688,0.72,2,0
100990,46,74032,785,0.49,1,0
100991,24,174787,685,1.31,0,0
100992,49,156615,688,0.86,0,0
100993,23,119645,688,1.35,0,0
100994,34,181647,551,0.15,0,0
100995,23,178195,557,0.04,1,0
100996,34,92528,565,0.44,2,0
100997,45,126061,647,0.43,1,0
100998,48,44280,520,1.02,2,1
100999,66,119535,721,0.65,3,0
101000,60,54790,520,1.14,1,0
101001,54,73901,815,0.04,3,0
101002,41,96038,576,0.69,0,0
101003,59,196741,623,0.26,3,0
101004,44,149160,731,0.48,1,0
101005,33,154895,732,0.99,0,0
101006,56,47879,535,0.66,1,0
101007,67,151904,652,0.02,2,0
101008,24,108607,768,0.88,3,0
101009,68,40830,693,1.26,0,1
101010,23,156554,681,0.39,0,0
101011,27,30090,804,1.09,0,0
101012,62,107683,535,0.13,1,0
101013,53,97282,717,1.0,2,0
101014,44,91682,596,1.1,1,0
101015,46,113391,790,0.8,1,0
101016,64,115020,648,0.66,0,0
101017,74,161848,743,0.34,2,0
101018,24,140134,804,0.36,1,1
101019,25,184355,833,0.29,2,0
101020,39,185706,535,0.31,3,0
101021,31,192794,698,0.1,3,0
101022,34,186663,605,0.81,3,0
101023,44,158890,562,0.06,0,0
101024,74,28292,537,0.99,1,0
101025,32,132046,641,0.57,1,0
101026,50,56949,546,0.93,0,0
101027,42,167320,548,0.93,1,1
101028,43,141013,534,1.27,0,0
101029,43,70436,615,0.56,2,0
101030,67,114141,689,0.19,1,0
101031,35,60614,736,0.14,0,0
101032,35,154983,818,0.29,1,0
101033,53,134269,657,0.92,1,0
101034,64,48429,537,1.22,1,0
101035,65,75838,539,1.09,2,0
101036,71,125172,791,0.01,1,0
101037,54,100168,669,1.15,0,0
101038,72,56642,807,0.79,2,0
101039,60,115939,629,0.15,0,1
101040,33,81411,713,0.79,2,0
101041,53,41137,520,0.77,0,0
101042,72,72633,570,0.59,2,1
101043,42,106707,616,1.13,1,0
101044,53,117463,665,0.5,0,1
101045,48,107042,733,1.36,3,0
101046,68,102007,809,0.39,1,1
101047,21,29882,559,0.08,1,1
101048,21,65905,815,1.1,0,0
101049,53,29095,757,0.14,0,0
101050,22,114732,575,0.69,1,0
101051,73,138254,694,0.07,1,0
101052,25,79070,837,1.27,2,0
101053,70,194928,742,1.37,3,1
101054,57,65849,642,0.62,0,0
101055,68,88222,672,0.19,2,0
101056,28,136569,824,0.36,2,0
101057,22,197656,520,0.4,1,1
101058,49,115300,835,0.21,1,1
101059,35,49081,523,1.2,2,0
101060,35,29720,789,0.3,0,0
101061,37,36111,534,0.2,1,0
101062,27,107816,624,0.15,1,0
101063,29,151431,787,1.38,0,0
101064,67,88139,644,0.8,1,0
101065,74,40790,838,0.64,2,0
101066,40,181578,631,0.46,1,1
101067,60,72093,647,1.21,1,1
101068,33,121888,812,0.34,0,0
101069,28,188844,834,0.3,1,0
101070,34,175354,664,1.31,2,0
101071,28,146518,712,0.24,1,1
101072,22,127293,822,1.01,0,0
101073,64,69713,696,1.34,1,1
101074,60,112835,526,0.28,2,0
101075,58,144000,580,0.01,2,0
101076,53,191350,749,1.01,1,0
101077,49,160453,770,1.32,0,0
101078,69,132205,657,0.94,0,0
101079,61,92212,582,0.71,1,0
101080,62,99526,503,0.29,0,0
101081,49,148230,668,0.82,1,0
101082,57,106632,809,0.2,0,1
101083,40,158014,833,0.55,2,1
101084,27,183205,738,0.96,0,1
101085,74,157224,528,1.23,1,0
101086,48,198624,749,0.79,1,0
101087,22,94066,812,0.79,0,0
101088,55,160332,665,0.35,1,1
101089,69,133729,723,0.29,1,0
101090,48,162224,801,0.91,0,0
101091,24,112867,575,0.2,2,1
101092,71,54030,613,0.28,1,0
101093,44,42161,636,1.18,1,0
101094,38,103209,609,1.14,0,0
101095,58,92935,523,1.14,0,0
101096,74,184914,502,1.24,3,0
101097,44,77161,779,0.94,1,0
101098,63,150555,614,0.52,2,0
101099,58,88131,717,1.01,0,0
101100,48,196096,573,0.18,4,1
101101,21,132806,753,0.64,0,0
101102,34,196978,735,0.76,2,0
101103,31,111091,819,0.62,1,0
101104,55,160653,794,0.24,0,1
101105,73,175286,594,0.11,0,0
101106,60,43445,693,0.65,2,1
101107,22,102974,747,0.19,1,0
101108,47,40528,844,1.22,2,0
101109,35,134569,528,0.49,2,0
101110,41,64989,844,1.07,0,0
101111,50,145767,741,0.05,0,0
101112,27,62102,524,1.18,1,0
101113,42,48547,843,1.01,0,0
101114,24,197769,505,1.04,1,0
101115,64,172851,816,0.94,1,0
101116,71,180371,502,0.2,1,1
101117,39,47770,619,0.42,3,0
101118,45,128355,541,0.63,0,0
101119,56,135073,637,0.6,0,0
101120,56,172648,666,0.7,2,0
101121,64,79943,756,0.49,0,0
101122,40,28879,662,1.08,2,0
101123,63,160151,817,1.18,0,0
101124,63,96018,629,0.42,0,0
101125,45,162081,707,0.98,1,0
101126,24,164305,656,0.65,1,1
101127,58,199055,816,0.55,0,0
101128,55,96244,816,1.34,3,1
101129,40,191501,747,0.88,1,0
101130,65,51348,564,0.86,1,0
101131,54,71999,750,0.63,2,0
101132,66,36728,769,0.37,1,1
101133,40,169541,582,0.62,0,0
101134,43,122132,744,0.03,2,0
101135,47,64929,727,0.94,0,0
101136,29,193579,800,1.13,2,0
101137,43,113396,705,0.55,0,0
101138,44,68845,557,0.08,1,1
101139,21,169577,754,0.73,1,1
101140,60,162673,774,1.09,2,0
101141,45,25790,808,0.63,0,0
101142,57,154621,663,1.0,3,1
101143,70,105165,726,1.24,0,0
101144,55,179134,789,0.26,2,0
101145,52,40042,570,1.36,0,0
101146,48,199501,627,0.53,1,0
101147,46,192506,763,0.6,1,0
101148,21,124807,566,0.18,4,0
101149,67,182357,717,1.02,0,0
101150,22,106827,587,0.55,0,0
101151,28,41315,704,0.03,0,1
101152,25,110289,557,0.35,0,0
101153,46,138721,808,1.24,0,0
101154,67,64075,743,0.79,3,0
101155,38,192435,566,0.68,0,0
101156,55,125241,666,1.18,2,0
101157,43,36063,660,0.55,0,0
101158,59,181455,699,0.78,0,0
101159,33,31092,515,1.18,1,0
101160,52,117333,646,0.02,0,0
101161,60,126752,712,0.8,0,0
101162,22,186707,783,0.6,1,1
101163,62,145290,602,0.43,0,0
101164,24,39118,814,0.77,2,0
101165,53,130479,751,1.17,0,0
101166,72,36702,633,0.43,1,0
101167,42,176272,693,0.92,3,0
101168,44,43584,574,0.18,1,0
101169,45,40026,773,0.16,2,0
101170,67,71650,605,1.03,2,0
101171,47,165228,837,0.28,1,0
101172,64,55402,529,0.2,3,0
101173,33,194725,721,0.89,2,0
101174,23,128765,786,0.19,1,0
101175,40,152338,502,0.93,0,0
101176,57,129311,744,0.25,0,0
101177,66,72097,610,0.03,1,0
101178,57,118829,573,0.15,1,0
101179,73,86640,847,1.3,0,0
101180,48,101222,636,0.61,0,0
101181,48,79901,815,0.49,1,1
101182,55,35352,770,0.51,1,0
101183,23,39502,659,0.43,0,0
101184,28,31875,717,0.27,0,1
101185,36,142671,749,0.98,3,0
101186,51,100457,639,0.56,4,0
101187,25,68516,732,0.9,4,0
101188,23,158921,537,0.8,4,0
101189,54,159273,524,0.37,1,1
101190,50,93961,603,0.91,3,1
101191,51,103341,726,0.41,3,1
101192,48,180418,676,1.39,1,0
101193,65,162937,792,0.27,0,0
101194,21,53318,676,1.18,1,0
101195,55,44873,822,0.66,1,1
101196,72,147090,742,0.28,2,1
101197,31,39574,614,1.04,2,0
101198,54,106719,665,0.43,3,0
101199,35,58174,528,0.41,2,0
101200,53,169155,625,1.26,2,0
101201,71,87005,580,0.07,2,1
101202,52,64675,513,0.4,4,0
101203,23,79552,668,0.85,1,0
101204,38,143053,830,0.24,0,0
101205,66,102107,804,1.06,1,0
101206,65,140480,698,0.97,3,1
101207,42,184999,781,1.02,0,0
101208,67,101255,823,0.14,0,0
101209,50,126781,784,0.51,0,0
101210,27,44690,505,1.23,0,0
101211,54,40429,836,1.36,2,0
101212,21,176723,699,0.71,2,0
101213,62,162947,682,0.51,0,0
101214,74,158298,826,0.7,3,0
101215,27,69890,508,0.09,0,0
101216,52,115030,835,0.15,2,1
101217,62,162335,677,0.68,0,0
101218,51,134416,519,0.64,1,0
101219,56,179332,502,0.34,2,1
101220,74,52797,753,1.32,3,0
101221,66,145345,703,1.31,0,1
101222,30,47304,794,0.94,0,1
101223,74,196142,547,0.92,2,0
101224,31,63119,581,0.73,1,0
101225,68,109623,804,0.31,2,0
101226,54,100496,644,0.86,0,0
101227,73,65489,849,1.01,1,0
101228,68,199746,593,0.98,2,0
101229,61,28826,559,0.54,2,1
101230,42,63011,813,0.4,2,0
101231,31,118431,792,1.39,5,0
101232,22,70958,842,0.07,0,0
101233,42,182800,624,0.16,0,0
101234,60,109048,802,0.39,1,0
101235,23,48478,525,1.26,1,0
101236,35,48607,615,0.79,0,0
101237,67,56789,592,1.13,2,1
101238,46,98984,633,1.32,1,1
101239,22,101950,780,1.15,0,0
101240,59,107385,768,0.05,3,0
101241,69,80975,788,1.35,2,1
101242,54,80923,579,1.0,1,0
101243,72,195549,537,1.33,3,1
101244,74,104011,690,0.78,0,0
101245,74,136638,778,1.08,1,0
101246,31,150778,589,0.95,0,0
101247,36,116861,820,1.03,0,1
101248,26,94947,534,1.28,0,0
101249,45,56137,637,0.67,0,0
101250,52,186065,801,1.38,2,0
101251,63,190391,586,0.35,0,1
101252,64,67599,539,0.68,1,0
101253,41,108313,636,0.14,2,0
101254,58,68940,727,0.32,3,1
101255,55,30985,584,0.38,2,1
101256,62,154587,571,0.67,0,0
101257,25,26888,525,1.0,1,0
101258,47,156906,693,0.87,2,0
101259,43,172205,727,1.08,0,0
101260,30,45569,630,0.85,1,1
101261,57,185287,571,0.76,1,1
101262,33,96194,658,1.1,1,0
101263,32,34481,664,0.06,1,1
101264,44,197692,782,0.71,0,0
101265,38,50708,828,0.77,3,0
101266,30,26818,649,0.71,2,0
101267,36,38448,550,0.34,1,1
101268,62,161388,513,1.19,0,0
101269,68,26840,739,1.09,0,0
101270,29,29765,689,0.92,0,0
101271,66,129496,817,0.07,0,0
101272,49,163357,643,0.75,1,1
101273,63,135724,623,1.11,1,0
101274,67,31416,630,1.16,1,1
101275,50,184174,520,0.07,1,0
101276,42,112631,615,0.29,4,0
101277,71,28720,647,1.25,1,0
101278,64,196903,589,0.63,2,0
101279,44,35274,778,0.17,2,0
101280,46,90784,580,1.36,1,0
101281,44,176094,615,0.62,0,1
101282,66,49191,582,0.06,2,1
101283,38,28970,565,0.91,3,0
101284,56,177851,549,1.04,1,0
101285,71,113302,621,0.14,0,0
101286,48,28317,514,0.0,0,0
101287,42,29446,591,1.06,1,0
101288,61,122421,791,0.17,1,0
101289,54,191774,583,0.34,0,1
101290,55,187923,678,1.16,0,0
101291,27,93688,739,0.03,1,0
101292,52,127745,783,0.42,0,1
101293,53,51374,834,0.67,1,0
101294,66,36658,667,0.35,3,0
101295,26,187815,783,1.19,0,0
101296,52,42259,543,0.62,3,0
101297,69,99323,638,1.02,1,0
101298,67,48417,831,0.51,1,0
101299,38,165448,649,0.58,0,0
101300,58,185450,612,0.19,0,0
101301,41,64187,590,0.26,2,0
101302,59,181292,515,0.4,2,0
101303,62,71027,786,0.94,1,0
101304,46,175312,804,0.73,0,0
101305,47,186582,740,0.39,1,0
101306,47,162914,768,0.14,0,0
101307,50,114867,803,0.84,0,0
101308,57,179873,805,1.23,1,0
101309,71,53656,761,0.57,0,0
101310,40,164145,534,0.51,0,0
101311,29,38443,655,1.2,5,0
101312,63,82841,779,0.04,3,0
101313,58,114906,610,0.59,0,0
101314,45,28761,676,0.08,1,0
101315,69,58618,551,0.66,0,0
101316,24,143017,600,1.38,1,1
101317,23,193496,693,0.25,2,0
101318,72,89714,839,1.37,0,1
101319,29,104438,793,1.0,2,1
101320,26,169752,778,1.36,2,0
101321,68,183122,500,0.28,2,0
101322,32,140396,833,1.2,2,0
101323,40,147707,615,0.66,1,0
101324,63,123536,733,0.22,0,1
101325,68,86999,760,1.23,0,0
101326,31,62292,640,0.86,2,0
101327,37,90395,734,0.21,1,0
101328,25,140468,687,1.03,2,0
101329,64,141650,609,0.88,4,0
101330,52,167774,546,0.82,3,0
101331,27,31781,669,0.63,3,0
101332,72,192031,540,0.73,2,1
101333,39,155097,673,1.36,1,0
101334,27,78241,769,1.22,0,0
101335,63,130041,539,0.28,0,0
101336,51,142779,644,0.57,5,0
101337,57,84218,707,1.35,0,0
101338,37,42312,682,0.3,0,0
101339,63,77260,503,1.24,0,0
101340,72,63807,576,0.74,0,0
101341,33,27432,801,1.08,1,0
101342,51,88050,803,0.28,2,1
101343,21,97033,628,0.23,1,1
101344,54,157917,522,0.74,1,0
101345,35,108550,602,0.16,0,0
101346,37,109710,550,0.33,3,0
101347,74,181210,629,0.53,3,0
101348,38,65760,643,0.04,3,1
101349,60,125072,723,1.31,0,1
101350,71,119534,502,0.57,0,0
101351,28,187695,741,0.41,0,0
101352,29,96155,849,0.72,5,0
101353,71,42070,744,0.71,3,0
101354,55,132745,526,0.07,0,0
101355,64,57302,611,1.03,1,0
101356,73,128805,750,0.47,1,0
101357,44,59700,592,1.09,1,0
101358,54,163402,694,0.6,0,0
101359,60,93831,580,0.74,1,0
101360,32,106067,527,0.2,1,0
101361,32,143072,535,0.57,1,1
101362,39,25151,574,1.1,1,0
101363,26,68281,606,0.35,0,0
101364,65,187128,843,0.39,4,0
101365,33,61261,759,1.18,4,0
101366,58,76607,564,0.07,5,0
101367,36,73327,660,0.76,0,0
101368,57,147161,639,0.61,1,0
101369,25,42337,762,0.98,0,0
101370,23,67779,604,1.0,1,0
101371,71,84129,719,0.37,1,0
101372,58,95220,771,0.55,4,0
101373,50,170468,822,0.56,0,0
101374,43,94946,652,1.05,3,0
101375,52,138000,778,0.21,0,0
101376,47,120322,613,1.11,2,1
101377,23,195120,815,1.36,3,0
101378,48,101878,535,1.29,2,0
101379,33,170371,682,0.01,2,1
101380,70,45413,712,0.04,4,0
101381,23,131595,677,0.15,1,0
101382,66,49557,836,0.4,3,0
101383,48,197518,648,0.51,2,0
101384,30,94649,525,0.65,2,0
101385,37,159401,732,0.73,1,1
101386,34,59501,540,0.05,0,0
101387,72,199225,810,1.09,2,0
101388,67,42231,771,0.59,0,0
101389,47,40619,594,0.87,1,1
101390,73,135523,693,0.19,0,0
101391,55,55005,557,0.91,1,0
101392,42,184273,787,1.1,3,0
101393,32,87451,806,0.99,1,0
101394,46,37826,535,1.15,3,0
101395,38,126485,547,0.99,1,0
101396,62,63635,605,0.36,0,0
101397,56,128477,800,0.9,1,0
101398,36,129916,615,0.89,1,0
101399,74,56282,500,0.76,0,0
101400,72,33479,513,1.07,1,0
101401,26,112191,758,0.49,1,0
101402,72,59355,773,1.39,0,0
101403,67,148340,715,0.22,2,0
101404,43,96951,543,1.23,1,0
101405,40,158178,562,0.49,1,0
101406,23,186297,761,0.32,2,0
101407,39,50236,847,0.65,0,0
101408,30,53432,783,0.71,1,1
101409,64,128146,816,1.31,2,0
101410,21,137208,747,1.05,0,1
101411,45,177418,583,0.46,1,0
101412,29,110192,784,0.09,1,0
101413,56,72623,844,0.57,1,0
101414,48,66035,522,0.63,2,0
101415,64,174874,582,1.36,3,0
101416,71,160976,527,0.5,2,0
101417,52,78225,633,0.96,0,0
101418,46,82496,576,0.07,4,0
101419,41,66105,782,0.57,1,0
101420,70,78380,579,1.05,2,0
101421,62,34175,746,1.29,1,1
101422,70,174679,566,1.16,0,0
101423,70,102985,573,0.49,2,0
101424,33,96298,647,0.52,1,0
101425,40,31549,798,0.97,0,0
101426,49,132647,525,0.05,1,0
101427,54,168582,570,0.06,1,1
101428,68,143366,765,1.23,0,0
101429,64,137357,545,0.91,1,1
101430,62,143494,749,0.21,1,0
101431,58,172797,826,1.1,0,0
101432,45,85631,585,0.8,3,0
101433,29,87756,678,1.26,3,0
101434,37,151148,534,0.61,0,0
101435,28,57595,513,1.33,1,0
101436,69,167615,653,0.7,1,0
101437,31,177483,537,1.3,2,0
101438,33,174325,622,1.01,1,0
101439,27,57608,590,1.37,1,0
101440,24,194136,636,0.02,2,0
101441,65,37031,664,1.22,3,0
101442,26,193098,506,0.62,3,1
101443,29,101724,589,1.01,0,1
101444,54,68715,548,0.73,1,0
101445,22,158761,500,1.31,0,0
101446,73,129767,644,0.68,2,0
101447,70,187059,791,0.25,1,1
101448,62,96940,702,0.69,1,0
101449,34,111620,754,0.18,1,0
101450,59,181177,608,0.78,2,0
101451,43,151578,504,0.48,1,0
101452,40,90765,501,0.34,1,0
101453,41,171224,788,0.62,1,0
101454,67,59314,611,0.79,0,0
101455,24,139905,598,0.94,1,0
101456,68,176444,700,0.35,3,0
101457,70,70583,824,0.92,1,0
101458,61,56375,650,0.42,0,0
101459,74,137251,731,0.95,0,0
101460,74,53148,656,1.06,2,0
101461,25,185297,599,1.31,2,0
101462,35,175410,526,0.6,0,1
101463,24,59911,567,0.85,2,0
101464,29,199232,722,0.2,1,0
101465,43,119493,796,0.89,1,0
101466,65,31668,749,1.03,1,0
101467,22,99745,782,0.28,1,0
101468,39,198197,789,0.72,0,0
101469,55,78302,574,0.75,2,1
101470,56,185678,526,0.5,1,0
101471,24,45468,744,0.07,2,0
101472,34,52016,708,1.16,3,0
101473,48,166080,671,0.11,1,1
101474,60,109893,640,0.91,1,1
101475,47,31016,831,1.27,0,0
101476,49,25128,806,0.56,1,0
101477,34,184714,639,0.62,0,0
101478,36,132715,761,0.92,2,0
101479,34,92273,616,0.36,3,0
101480,54,185725,503,0.79,1,0
101481,26,69396,640,0.82,0,0
101482,40,108889,523,0.36,3,0
101483,53,162125,846,0.36,0,1
101484,27,100466,705,0.44,2,0
101485,58,139319,510,0.95,2,0
101486,31,72383,545,0.24,1,0
101487,45,68721,650,0.65,1,0
101488,25,164731,814,0.14,1,0
101489,68,117820,808,0.98,1,0
101490,69,151732,636,1.27,1,0
101491,65,48008,535,0.94,0,0
101492,71,182653,554,0.43,2,0
101493,67,113919,590,0.75,4,0
101494,46,84785,635,1.34,0,0
101495,68,124839,831,1.17,1,0
101496,34,143240,586,0.95,2,1
101497,38,30461,744,0.23,2,1
101498,32,67166,607,0.2,0,0
101499,23,194830,677,0.99,1,0
101500,32,102640,710,1.1,2,0
101501,46,128678,714,0.67,1,1
101502,27,106394,553,0.4,2,1
101503,48,36109,594,0.27,0,0
101504,59,137667,652,0.76,1,0
101505,53,170451,516,0.22,1,0
101506,30,164267,812,1.37,1,0
101507,46,169668,609,0.83,0,0
101508,25,57838,846,1.33,2,0
101509,21,169336,545,0.66,0,0
101510,65,149688,844,0.56,1,0
101511,46,29147,641,0.1,1,0
101512,22,56068,592,0.58,2,0
101513,53,119750,599,0.19,1,0
101514,73,91237,732,0.87,0,0
101515,70,114477,502,1.27,0,1
101516,23,34046,702,0.08,1,0
101517,60,146240,790,1.17,0,0
101518,51,153549,541,1.25,0,1
101519,28,42552,760,0.77,1,1
101520,37,91731,657,0.65,1,1
101521,63,57041,691,0.26,0,0
101522,47,89468,819,1.08,0,1
101523,30,114194,797,0.91,1,0
101524,60,70050,529,1.17,0,0
101525,59,177731,603,1.27,1,1
101526,45,79208,513,0.6,1,0
101527,60,162517,805,1.04,2,0
101528,40,97784,656,0.2,0,0
101529,38,144128,638,0.36,0,0
101530,26,172628,563,1.02,1,0
101531,58,192915,509,0.71,0,0
101532,57,115535,764,0.57,2,0
101533,31,114005,515,0.43,3,0
101534,49,92480,744,0.22,2,0
101535,25,25269,825,0.41,4,1
101536,52,198110,771,0.43,0,0
101537,56,167960,519,0.9,0,0
101538,41,51874,764,0.72,3,1
101539,28,92544,582,1.31,0,0
101540,25,81815,723,1.34,1,0
101541,56,135593,742,1.25,1,0
101542,69,159063,841,0.92,1,0
101543,72,46521,833,0.18,3,0
101544,58,85658,541,0.43,0,0
101545,64,123566,542,1.06,0,0
101546,23,90495,601,0.37,1,0
101547,51,52956,659,1.24,2,0
101548,23,86826,758,1.36,1,1
101549,39,102788,516,0.69,2,0
101550,66,34519,722,1.32,2,1
101551,34,164381,840,0.44,0,0
101552,33,71462,672,0.5,0,0
101553,30,135882,720,1.37,0,0
101554,52,173530,505,0.87,1,0
101555,73,77243,517,0.43,1,0
101556,58,126370,583,0.95,1,0
101557,68,130227,524,0.91,0,0
101558,70,69445,554,1.05,1,0
101559,25,56173,523,0.11,2,0
101560,28,102013,783,0.75,1,1
101561,59,92665,659,1.24,1,0
101562,43,151134,533,0.16,1,0
101563,50,151042,635,0.48,0,0
101564,63,45637,708,0.02,1,0
101565,31,193700,575,1.23,2,0
101566,21,72379,538,1.2,0,0
101567,21,123014,810,0.06,0,0
101568,47,163462,535,0.64,0,0
101569,21,144444,517,0.49,0,0
101570,29,135421,502,1.38,2,0
101571,69,88095,768,1.0,0,0
101572,68,112368,694,0.78,1,0
101573,45,105824,712,0.2,2,0
101574,50,52205,787,1.15,2,0
101575,69,164332,805,0.8,1,0
101576,66,81130,631,1.33,2,0
101577,25,114519,747,1.32,0,0
101578,49,28411,823,0.13,1,0
101579,22,31969,821,0.5,4,0
101580,32,184499,702,0.1,4,0
101581,30,119713,593,0.29,2,0
101582,36,58367,822,1.25,1,0
101583,25,171322,559,1.2,1,1
101584,49,64482,747,0.58,1,0
101585,38,34228,714,0.43,2,0
101586,63,69828,543,0.87,3,0
101587,56,176608,601,1.33,1,0
101588,27,94564,703,0.68,0,0
101589,64,196003,830,0.04,2,0
101590,32,132374,678,0.5,2,0
101591,61,196970,604,0.67,1,0
101592,43,193084,666,1.01,1,0
101593,60,145922,596,0.39,1,0
101594,26,126478,576,0.36,3,0
101595,60,189931,699,0.61,2,0
101596,23,69338,839,0.23,2,0
101597,69,79904,535,0.91,1,0
101598,27,183033,623,0.0,2,0
101599,72,167230,798,0.97,0,0
101600,64,108090,622,1.12,2,0
101601,49,68033,595,0.75,1,0
101602,49,182544,588,0.03,2,0
101603,54,54889,798,0.48,3,1
101604,70,41075,745,0.85,0,0
101605,31,109028,661,0.7,0,1
101606,56,133479,782,0.58,0,0
101607,64,51969,772,0.52,0,0
101608,44,118663,660,0.55,0,1
101609,50,87836,610,1.06,2,0
101610,24,67705,722,1.25,2,0
101611,39,128283,724,0.21,1,0
101612,39,42971,620,1.38,1,0
101613,44,100710,785,0.26,1,1
101614,22,146635,520,0.29,0,0
101615,52,100388,607,0.09,1,0
101616,43,174799,642,0.66,0,0
101617,33,164151,552,0.65,0,0
101618,34,146234,796,0.74,3,0
101619,35,72495,811,0.3,0,0
101620,31,33908,624,1.04,1,0
101621,23,113152,505,0.61,0,0
101622,46,29710,683,0.22,1,0
101623,48,189746,762,0.78,0,0
101624,21,159402,830,0.19,2,0
101625,37,57040,756,0.05,0,1
101626,44,178692,774,1.37,4,0
101627,45,160833,604,1.25,0,0
101628,39,40395,714,0.24,0,0
101629,72,195112,749,0.96,3,0
101630,49,159042,546,1.23,1,0
101631,67,183812,684,1.34,1,0
101632,72,176028,569,0.17,1,1
101633,53,192535,740,1.14,0,0
101634,47,143339,617,1.26,0,0
101635,31,117899,657,0.87,0,0
101636,65,101145,784,0.08,2,1
101637,38,175149,598,0.0,1,0
101638,57,84867,679,0.7,0,1
101639,36,179095,607,1.37,1,0
101640,69,153724,520,1.38,1,0
101641,35,186396,803,0.55,1,0
101642,66,91895,509,0.37,2,0
101643,67,136777,612,0.89,3,0
101644,53,121598,766,0.92,0,0
101645,61,152574,603,0.04,0,1
101646,74,75927,580,0.58,1,0
101647,35,164607,602,1.33,1,0
101648,66,130836,696,0.16,1,0
101649,31,136487,829,1.26,1,0
101650,52,135118,822,0.67,0,1
101651,40,142828,838,1.06,1,0
101652,55,101840,797,1.24,0,1
101653,67,69086,835,0.83,1,0
101654,58,39916,561,0.05,0,0
101655,24,49607,503,0.07,2,0
101656,50,175227,509,0.41,0,0
101657,36,131158,622,0.21,1,0
101658,71,63642,566,0.96,1,0
101659,61,136467,840,0.47,2,0
101660,32,179642,579,1.4,1,0
101661,55,116314,783,0.42,0,1
101662,43,157082,794,0.38,0,1
101663,50,147606,543,0.75,0,0
101664,26,183365,631,1.26,0,1
101665,46,55159,813,0.89,1,0
101666,72,50051,791,0.05,1,0
101667,61,97708,500,0.6,1,0
101668,24,75960,796,0.14,0,0
101669,55,123157,510,0.41,2,0
101670,63,55989,522,1.23,2,0
101671,22,86763,778,1.26,0,0
101672,24,95252,791,1.1,0,0
101673,32,195904,826,0.64,2,1
101674,32,57716,817,0.41,0,0
101675,57,117007,780,0.7,1,0
101676,46,183375,662,1.2,1,0
101677,58,79864,784,1.29,1,1
101678,54,108461,638,1.19,0,0
101679,54,95001,541,0.55,2,0
101680,43,169740,640,1.18,3,0
101681,59,58636,628,0.65,0,0
101682,38,122583,596,0.97,1,0
101683,26,170710,501,1.3,1,0
101684,55,58338,672,0.39,1,0
101685,30,89121,783,0.05,2,0
101686,42,116559,768,0.59,0,0
101687,36,42552,668,1.15,0,0
101688,67,93558,572,1.0,1,0
101689,37,30059,582,0.5,1,0
101690,62,25621,735,0.85,0,0
101691,24,58728,555,1.15,3,0
101692,62,123886,689,1.15,2,0
101693,72,45023,514,1.1,1,0
101694,63,26374,753,0.09,1,0
101695,29,103205,679,1.34,0,0
101696,59,41130,652,1.01,2,0
101697,59,47481,647,0.51,0,0
101698,40,119473,834,0.35,2,1
101699,37,141302,772,0.84,1,0
101700,26,54345,639,0.68,3,1
101701,67,161463,829,0.08,0,0
101702,74,42276,540,0.81,2,0
101703,45,69936,720,0.74,0,1
101704,22,96951,724,0.83,1,0
101705,54,42628,803,0.43,0,0
101706,23,154780,736,0.61,1,0
101707,53,35336,699,1.2,0,1
101708,59,57658,777,0.68,0,0
101709,48,174306,828,0.76,1,0
101710,51,189802,725,0.17,2,0
101711,72,84090,653,0.86,3,1
101712,55,187106,820,0.26,0,0
101713,33,195910,675,0.59,1,0
101714,72,86938,612,0.34,2,0
101715,47,168652,801,0.76,1,0
101716,70,182825,645,0.86,1,0
101717,30,149406,730,0.68,1,0
101718,54,117074,729,0.72,0,0
101719,46,31014,820,0.63,2,1
101720,41,183135,550,0.48,1,1
101721,58,177397,728,1.16,1,1
101722,39,193055,668,1.14,1,0
101723,52,131390,797,1.18,3,0
101724,65,146008,593,1.15,2,0
101725,28,60271,834,0.0,0,0
101726,60,35247,729,1.09,1,0
101727,51,75397,716,0.36,0,0
101728,49,170428,545,0.06,0,0
101729,21,41221,598,0.76,2,0
101730,21,191409,817,0.09,2,0
101731,25,39554,561,1.19,2,0
101732,27,116441,761,0.82,0,0
101733,24,54299,583,0.69,2,0
101734,46,57367,684,0.99,3,1
101735,43,110996,737,0.64,2,0
101736,56,102688,623,0.55,1,1
101737,54,129106,529,0.82,0,1
101738,40,170874,818,1.23,0,0
101739,29,47215,596,1.01,0,0
101740,41,119128,848,0.04,0,1
101741,46,33090,714,1.15,3,0
101742,35,103179,745,1.39,2,0
101743,61,103495,609,1.06,1,1
101744,27,162044,643,0.74,1,0
101745,54,126847,570,0.72,0,0
101746,42,85307,515,0.3,1,0
101747,42,31857,688,0.83,1,0
101748,64,174724,577,1.06,2,0
101749,53,162101,652,0.54,2,0
101750,30,98955,557,1.1,1,0
101751,74,185779,653,0.33,1,0
101752,41,153276,510,1.37,4,0
101753,24,111749,718,1.33,1,0
101754,32,177526,654,1.12,2,0
101755,42,69253,775,1.16,0,1
101756,53,124833,569,0.67,2,0
101757,29,102804,713,1.25,0,0
101758,65,49977,537,1.28,1,0
101759,53,174439,821,1.05,0,0
101760,33,148956,804,0.53,2,0
101761,21,173418,567,0.26,0,0
101762,67,173172,502,0.35,2,0
101763,47,35469,695,0.37,0,1
101764,58,72898,740,0.76,3,0
101765,56,36256,513,0.01,1,0
101766,63,150189,503,1.13,1,0
101767,35,40826,558,0.27,0,0
101768,70,107152,525,0.66,2,0
101769,73,166828,707,0.38,1,0
101770,70,112418,765,1.35,0,1
101771,64,141528,791,0.21,0,0
101772,24,41256,834,0.98,0,0
101773,60,92150,670,0.25,0,1
101774,60,140812,784,1.24,1,0
101775,72,199158,759,0.65,0,0
101776,26,181114,532,1.12,1,0
101777,44,25999,546,0.95,2,0
101778,56,87717,704,0.32,3,0
101779,29,194372,760,0.33,1,0
101780,42,53923,597,1.38,1,0
101781,52,130126,508,0.35,1,0
101782,42,151556,630,1.28,2,0
101783,47,72851,683,0.67,1,0
101784,61,111365,528,0.53,3,0
101785,49,172795,585,1.22,2,0
101786,41,146069,712,1.24,2,0
101787,50,99825,560,0.58,4,0
101788,62,140945,634,0.77,1,0
101789,53,198106,703,0.4,0,0
101790,50,41267,567,0.49,2,0
101791,66,189766,624,0.44,0,0
101792,34,58595,676,0.69,2,0
101793,68,132448,845,0.08,0,0
101794,43,133756,503,1.36,1,0
101795,72,180199,683,0.03,3,0
101796,73,184114,688,1.24,2,0
101797,42,103385,698,0.25,1,0
101798,71,126650,615,0.49,3,1
101799,65,60337,802,1.17,0,0
101800,54,31708,599,0.07,2,0
101801,53,117759,693,0.46,1,0
101802,57,104453,836,0.39,2,1
101803,60,53907,678,0.68,1,0
101804,30,105326,634,0.86,0,1
101805,61,193589,725,1.1,1,1
101806,21,150029,527,1.1,1,0
101807,71,184594,744,0.27,3,0
101808,36,108078,563,1.27,0,0
101809,51,74671,816,1.31,0,0
101810,62,83646,564,1.19,1,1
101811,59,98936,673,0.27,0,0
101812,53,48931,582,0.79,2,0
101813,73,152606,645,1.23,0,1
101814,41,61823,619,0.14,1,0
101815,58,77814,518,0.19,0,0
101816,71,99602,559,1.07,1,0
101817,32,159278,778,0.36,1,0
101818,61,104649,518,0.31,2,1
101819,46,55854,625,0.4,0,0
101820,68,93874,680,1.22,3,0
101821,27,161615,568,0.73,1,1
101822,41,158043,527,1.27,1,0
101823,45,56119,786,0.36,0,0
101824,66,96549,808,1.25,0,0
101825,35,37175,628,1.35,0,0
101826,57,53843,523,1.2,0,0
101827,68,95152,836,0.42,0,0
101828,58,48349,845,0.87,3,0
101829,65,96391,512,0.58,2,0
101830,66,134057,692,0.7,1,0
101831,39,52217,656,0.75,1,0
101832,59,162607,798,0.28,1,0
101833,61,35218,614,0.17,0,0
101834,63,77216,811,0.23,1,0
101835,46,41617,725,0.24,0,0
101836,51,175236,731,0.36,0,1
101837,41,73807,741,0.35,1,0
101838,67,79145,800,0.47,0,1
101839,69,75275,641,0.5,1,0
101840,24,105383,544,1.38,2,1
101841,43,199575,533,0.62,0,1
101842,39,118556,718,0.26,1,0
101843,56,62597,717,0.26,0,0
101844,60,181544,571,1.17,2,0
101845,56,118183,835,0.38,0,0
101846,60,188823,675,0.42,0,0
101847,54,130251,612,1.27,1,0
101848,21,65527,818,0.77,2,0
101849,39,43437,769,0.93,1,1
101850,58,189123,838,0.58,0,0
101851,55,98419,556,0.28,3,0
101852,46,93506,521,1.33,1,1
101853,28,160812,733,0.05,1,0
101854,70,62246,573,1.1,1,0
101855,36,197507,542,0.16,4,0
101856,69,70554,666,0.56,0,0
101857,58,112386,807,0.16,1,0
101858,41,134775,762,0.59,1,0
101859,61,110337,817,0.8,1,0
101860,42,101084,538,1.21,3,0
101861,72,116302,518,0.92,1,0
101862,46,150928,634,1.08,0,0
101863,36,114237,716,0.11,4,0
101864,46,46008,702,1.35,4,0
101865,42,143134,718,0.79,3,0
101866,56,90662,658,1.19,3,1
101867,51,36815,797,0.85,2,0
101868,35,89420,532,0.31,0,0
101869,57,140851,677,1.05,1,0
101870,41,103647,735,1.39,1,1
101871,62,30506,762,0.62,1,1
101872,30,93914,728,1.12,1,0
101873,47,42996,760,1.25,0,0
101874,44,120213,795,1.23,1,0
101875,60,66298,673,0.32,1,0
101876,60,190232,500,0.43,1,0
101877,25,151669,533,0.75,0,0
101878,55,111511,726,1.26,2,0
101879,28,109374,645,0.34,1,0
101880,63,38655,682,0.57,1,1
101881,69,54496,618,0.07,4,0
101882,71,60188,721,0.51,0,1
101883,48,123075,579,1.23,1,0
101884,65,165434,757,1.24,0,0
101885,34,80289,785,0.2,0,0
101886,71,49554,630,1.05,2,0
101887,43,158555,843,0.48,2,0
101888,33,177606,738,0.28,2,0
101889,45,53286,778,0.63,2,0
101890,40,153277,797,1.33,1,0
101891,57,183833,698,1.0,3,0
101892,26,76600,623,1.07,4,0
101893,34,180378,822,1.3,1,0
101894,48,174889,615,0.1,3,0
101895,29,68058,805,0.21,1,0
101896,28,197220,711,1.03,0,0
101897,61,72146,533,0.81,1,0
101898,36,199157,673,1.37,0,0
101899,64,93589,831,1.08,0,0
101900,42,196481,514,0.16,1,0
101901,61,80314,558,0.97,1,0
101902,63,67054,520,0.35,1,1
101903,65,122104,761,1.1,2,1
101904,23,168094,692,1.18,1,0
101905,63,54696,511,1.11,0,0
101906,44,126026,693,0.21,4,0
101907,33,175143,560,0.78,1,0
101908,65,111248,503,1.27,3,0
101909,25,153657,799,0.04,1,0
101910,52,148036,721,1.39,2,1
101911,65,104009,771,0.41,2,0
101912,25,199442,740,0.92,1,0
101913,44,113321,815,1.39,1,1
101914,35,186906,746,0.43,2,1
101915,55,175739,669,0.23,1,0
101916,26,32740,751,0.43,2,0
101917,53,95122,807,1.36,3,0
101918,32,48376,510,0.59,0,0
101919,28,71857,516,0.08,0,0
101920,40,63493,731,1.32,2,0
101921,24,88095,673,1.09,1,1
101922,66,47292,793,1.04,2,0
101923,36,169051,591,1.22,1,1
101924,54,62602,529,0.92,3,0
101925,55,185848,652,0.92,0,0
101926,65,121990,698,0.02,2,0
101927,70,158074,742,0.86,1,0
101928,45,132899,599,0.71,1,0
101929,65,84499,687,0.61,2,0
101930,68,38128,748,0.13,2,0
101931,30,115060,652,1.2,2,0
101932,45,177227,551,1.14,1,0
101933,23,29300,765,1.2,1,0
101934,22,181734,515,0.89,1,1
101935,56,39173,558,0.21,1,0
101936,73,93582,698,0.51,1,0
101937,62,121245,811,1.15,2,0
101938,37,171198,582,0.95,1,0
101939,67,63311,787,0.66,0,0
101940,60,199293,550,1.31,0,0
101941,39,97153,594,0.81,1,0
101942,58,73095,703,0.11,0,0
101943,39,147022,608,0.46,0,0
101944,67,72192,518,0.35,1,0
101945,56,35550,727,1.29,0,0
101946,49,142305,786,0.06,3,0
101947,64,164505,663,0.02,1,0
101948,70,68707,517,0.84,0,0
101949,37,65024,792,1.29,0,0
101950,67,188361,560,1.16,1,0
101951,29,95130,658,1.14,3,0
101952,45,75558,833,0.8,0,0
101953,58,145975,829,0.22,1,1
101954,61,123278,621,0.81,1,0
101955,21,57666,793,0.12,1,0
101956,34,96423,773,0.75,1,0
101957,25,170663,785,0.58,0,0
101958,66,189845,844,0.64,3,0
101959,48,58672,667,0.89,0,1
101960,30,70842,744,0.88,3,0
101961,73,132923,840,1.2,1,0
101962,46,190614,607,0.0,2,0
101963,33,92749,668,1.14,1,0
101964,38,148805,651,1.08,3,1
101965,62,109350,550,1.35,1,0
101966,43,74285,586,0.91,2,0
101967,44,152509,690,0.73,0,1
101968,59,44308,709,0.81,0,1
101969,60,110429,760,1.24,1,0
101970,64,188021,533,0.75,0,1
101971,56,90576,523,0.78,1,0
101972,50,27848,525,0.5,2,0
101973,44,171525,507,0.27,0,0
101974,59,79169,525,0.97,0,0
101975,26,87589,514,1.13,1,0
101976,69,54782,577,1.21,0,0
101977,39,168896,842,0.35,1,1
101978,55,30916,805,0.08,2,0
101979,57,165184,587,1.16,2,0
101980,24,125225,539,0.56,0,0
101981,30,189788,522,0.16,1,0
101982,45,84882,557,0.62,3,0
101983,61,69060,516,0.85,1,0
101984,41,41194,697,1.18,1,0
101985,60,180319,803,1.17,1,0
101986,61,148939,562,0.56,1,0
101987,60,196866,610,0.94,2,0
101988,54,71918,605,0.4,2,0
101989,34,44730,796,1.09,0,0
101990,56,178220,623,0.26,2,1
101991,36,161967,847,0.59,1,0
101992,38,149589,520,0.99,2,1
101993,68,99196,827,0.52,2,0
101994,23,74810,589,0.57,1,0
101995,41,108725,819,0.04,3,1
101996,35,174761,683,0.45,1,0
101997,52,55388,819,0.28,3,0
101998,21,107718,533,0.36,1,0
101999,26,166387,816,1.19,0,1
102000,43,108446,828,0.58,0,0
102001,65,74595,693,1.06,2,0
102002,39,167080,723,1.21,1,1
102003,69,55114,743,0.66,2,0
102004,35,176583,511,0.98,0,0
102005,38,173949,777,0.84,0,0
102006,63,29205,622,1.38,1,0
102007,64,188407,655,0.16,0,0
102008,54,43123,685,0.78,0,0
102009,37,82552,816,1.02,1,1
102010,29,81734,784,0.52,2,0
102011,65,139257,847,0.35,1,0
102012,52,156655,759,0.69,0,0
102013,37,79281,541,0.09,2,0
102014,22,104995,571,0.87,3,0
102015,25,106109,828,0.56,4,0
102016,23,51699,507,0.09,3,0
102017,31,66257,548,0.38,3,0
102018,22,98559,625,0.84,0,0
102019,55,136010,687,0.28,0,0
102020,71,176775,726,0.19,3,0
102021,68,184053,588,0.32,2,0
102022,26,119522,762,1.29,0,1
102023,44,68732,656,0.76,1,1
102024,38,106108,668,0.67,4,0
102025,45,107199,646,0.72,1,0
102026,50,85210,742,0.16,2,0
102027,59,128901,758,0.74,0,1
102028,49,64929,793,1.31,2,0
102029,71,116852,663,0.41,0,0
102030,58,54594,520,0.96,2,0
102031,25,27848,511,0.39,1,0
102032,25,102216,643,1.3,0,0
102033,25,181424,793,0.59,0,0
102034,52,191153,683,0.13,1,0
102035,33,102192,561,1.02,1,0
102036,70,130835,744,0.85,1,0
102037,49,61207,556,0.26,0,0
102038,45,73816,768,0.68,1,0
102039,33,44089,715,0.35,0,0
102040,32,87693,569,0.22,0,0
102041,50,134696,812,1.21,2,0
102042,65,115562,680,0.6,0,0
102043,52,44774,793,0.68,0,0
102044,29,150313,534,0.07,1,0
102045,61,85329,557,1.26,1,0
102046,22,174268,744,1.3,2,0
102047,28,192119,521,0.81,2,1
102048,73,86334,704,0.57,1,1
102049,44,199534,511,0.87,1,0
102050,22,173688,603,1.36,1,0
102051,38,62704,589,0.45,1,0
102052,69,109450,556,0.26,0,0
102053,73,70786,593,0.26,2,0
102054,41,121412,588,1.22,0,1
102055,36,72563,649,0.63,2,0
102056,43,68700,617,1.2,1,0
102057,38,39637,773,0.27,1,0
102058,52,177455,584,0.92,0,0
102059,38,103208,832,0.92,0,1
102060,55,68663,768,0.55,1,0
102061,63,58638,500,0.68,1,0
102062,23,147510,602,0.25,2,0
102063,66,136484,607,1.01,3,1
102064,32,93709,838,1.09,1,0
102065,63,104920,792,0.25,1,0
102066,35,134314,823,1.12,3,0
102067,22,46040,515,0.42,0,0
102068,56,161064,729,0.81,4,0
102069,57,177814,616,0.36,2,0
102070,53,192711,806,0.96,1,1
102071,47,124119,611,0.01,3,0
102072,51,100601,707,0.66,0,1
102073,42,56173,839,0.96,1,0
102074,48,96516,517,0.15,3,0
102075,28,129248,790,0.37,0,0
102076,47,59997,622,0.7,2,0
102077,57,123277,796,0.27,1,0
102078,25,114682,714,1.34,2,0
102079,41,138127,769,0.04,0,0
102080,46,143040,554,0.5,1,0
102081,51,109010,539,1.2,2,0
102082,33,97031,525,0.07,2,0
102083,51,178445,823,0.87,0,0
102084,57,162627,800,1.36,1,1
102085,38,169252,782,0.68,0,0
102086,21,146449,738,0.42,3,0
102087,55,71732,597,0.17,1,0
102088,67,116223,782,1.27,2,1
102089,29,131473,539,0.37,0,0
102090,46,25971,819,0.66,0,0
102091,45,90555,774,0.47,2,1
102092,60,95600,733,0.13,4,0
102093,27,104101,746,0.08,0,0
102094,48,122600,747,0.75,2,0
102095,74,97352,838,0.49,1,0
102096,53,81742,726,0.23,0,0
102097,71,93642,732,0.7,0,1
102098,37,176325,539,0.59,1,0
102099,23,182614,514,0.21,2,1
102100,58,90923,791,1.11,3,0
102101,64,57424,550,0.28,1,0
102102,21,185265,703,0.38,2,1
102103,52,139423,777,0.22,2,0
102104,26,42272,837,0.8,0,0
102105,39,120089,817,1.07,0,0
102106,59,59937,740,0.84,3,0
102107,66,133364,748,0.22,1,0
102108,60,75567,825,0.54,2,0
102109,66,26558,570,1.17,0,0
102110,41,193023,835,1.27,2,0
102111,29,46674,635,0.64,1,0
102112,46,80334,625,1.07,2,0
102113,50,88962,707,0.86,0,0
102114,35,70568,644,1.09,0,0
102115,41,154403,704,0.7,1,0
102116,61,189854,608,0.02,2,0
102117,24,181039,822,0.91,2,0
102118,46,138641,772,1.1,1,1
102119,22,31990,609,0.02,1,0
102120,27,134218,514,0.57,1,0
102121,41,127282,563,0.51,3,0
102122,66,61643,629,0.27,1,0
102123,45,185537,822,1.0,2,0
102124,33,93337,535,0.32,0,0
102125,29,145268,737,0.65,2,0
102126,62,35329,601,0.25,0,0
102127,51,26005,593,0.44,0,0
102128,55,161078,814,0.05,1,0
102129,47,145969,748,0.11,0,0
102130,54,42059,691,1.16,0,1
102131,27,97314,602,0.87,2,0
102132,50,196265,735,0.26,1,1
102133,62,37655,623,0.35,0,0
102134,72,118167,634,1.16,2,0
102135,50,67824,510,0.36,0,0
102136,36,53397,563,0.42,0,1
102137,59,83434,571,0.21,0,0
102138,69,176557,699,0.38,2,0
102139,52,130841,527,0.36,1,0
102140,71,153833,547,0.66,0,0
102141,23,87471,721,1.37,2,0
102142,39,26181,589,1.2,1,0
102143,41,52096,799,0.69,1,0
102144,71,170856,627,1.22,1,1
102145,23,93240,773,0.9,1,1
102146,32,50429,532,1.02,1,0
102147,21,68700,535,0.37,0,0
102148,36,88132,588,0.06,2,0
102149,21,40103,805,0.91,0,0
102150,34,99067,612,0.51,3,1
102151,21,92301,575,0.34,1,1
102152,42,85901,800,0.64,0,0
102153,44,78389,834,0.95,2,0
102154,62,174855,844,0.63,1,1
102155,26,155135,831,1.27,2,0
102156,37,85431,683,1.28,0,0
102157,45,32785,709,0.04,1,0
102158,59,100318,769,0.51,2,0
102159,36,170835,766,0.95,3,0
102160,49,112144,597,0.37,1,0
102161,54,153741,690,0.8,2,0
102162,38,149075,847,0.16,1,0
102163,61,155500,748,1.39,0,0
102164,60,143378,582,1.07,0,0
102165,42,53471,624,0.06,1,0
102166,38,129799,605,0.66,2,0
102167,39,91225,592,0.13,1,1
102168,40,46061,600,0.05,0,0
102169,34,103106,787,0.29,2,0
102170,41,139892,718,0.52,1,0
102171,25,197077,624,0.48,0,1
102172,28,48077,836,0.18,0,0
102173,48,39264,506,0.12,1,0
102174,31,95356,614,1.15,2,0
102175,64,136064,593,1.08,2,0
102176,22,45719,691,1.37,2,0
102177,64,96498,645,1.31,2,1
102178,73,63779,550,1.21,2,0
102179,62,40299,795,0.71,4,0
102180,43,27549,581,0.13,0,0
102181,63,193679,740,0.71,1,0
102182,66,48303,821,1.39,0,0
102183,63,128790,621,0.75,2,0
102184,29,143546,666,0.41,0,0
102185,28,188113,575,0.52,0,0
102186,70,104303,675,0.1,2,0
102187,64,187186,602,0.84,0,0
102188,47,105193,825,1.32,1,0
102189,67,55379,697,0.62,0,0
102190,26,28185,786,0.76,4,0
102191,38,177363,616,0.59,0,0
102192,25,112575,566,0.87,1,1
102193,49,120226,654,0.83,3,1
102194,57,90743,538,0.14,6,1
102195,50,84021,765,0.57,1,1
102196,48,117849,520,0.09,1,0
102197,47,86041,630,0.39,1,0
102198,69,83853,685,0.41,3,1
102199,35,93231,598,0.77,1,0
102200,27,128554,789,0.14,1,1
102201,42,181611,594,0.57,1,0
102202,55,88593,700,0.32,0,0
102203,22,94394,536,0.09,1,1
102204,63,111135,843,1.32,2,0
102205,30,157314,786,0.27,0,1
102206,26,167875,674,0.64,2,0
102207,70,135235,556,0.26,2,1
102208,47,130299,606,0.96,0,1
102209,42,191939,764,0.15,1,0
102210,67,179755,783,0.33,2,1
102211,33,102603,703,1.29,1,0
102212,21,51100,648,1.23,2,0
102213,57,59103,525,0.42,2,0
102214,28,192936,829,1.35,2,0
102215,28,162811,592,0.85,0,0
102216,62,63880,730,0.35,0,0
102217,46,118220,575,1.39,1,1
102218,60,176982,572,0.28,0,0
102219,23,85538,533,0.44,0,0
102220,66,197581,813,0.1,2,0
102221,23,40019,844,1.28,1,0
102222,56,98552,671,0.51,0,0
102223,57,113328,703,0.51,1,1
102224,71,29868,690,0.12,0,0
102225,24,168931,710,0.88,2,0
102226,69,35923,667,1.33,2,0
102227,32,154286,628,0.13,1,0
102228,69,68063,631,0.04,1,0
102229,49,76404,651,1.04,0,1
102230,60,149441,803,0.49,2,0
102231,35,193160,553,1.35,1,0
102232,64,145845,534,1.3,1,0
102233,36,98500,565,0.71,0,0
102234,38,52734,810,0.03,2,0
102235,36,131739,712,1.24,3,0
102236,30,141208,501,0.87,3,0
102237,58,78036,649,0.32,0,0
102238,46,80385,637,0.61,1,1
102239,69,182826,543,0.04,2,0
102240,74,25634,763,1.06,1,0
102241,39,113724,797,0.73,3,0
102242,29,48402,658,1.26,0,0
102243,44,130327,737,0.27,1,0
102244,28,34175,833,0.22,1,0
102245,44,139700,837,1.32,1,1
102246,30,114078,729,0.81,3,0
102247,62,45264,624,0.58,0,0
102248,48,158244,818,0.52,1,0
102249,71,37144,686,0.4,0,0
102250,35,167990,832,0.61,1,0
102251,34,181473,615,1.15,1,1
102252,53,32396,675,0.69,1,0
102253,62,183427,753,0.06,1,1
102254,61,41134,612,0.91,4,0
102255,52,141257,711,0.45,1,0
102256,34,84088,701,0.16,2,0
102257,63,196579,691,0.04,2,0
102258,42,146232,579,0.4,0,0
102259,71,61270,780,0.78,1,0
102260,37,102959,687,1.38,0,0
102261,33,36819,651,0.6,2,0
102262,73,29480,735,1.3,1,0
102263,61,141702,530,0.25,0,0
102264,44,171306,630,0.86,3,0
102265,52,167373,548,0.29,0,0
102266,52,73086,727,0.42,1,0
102267,47,75601,632,1.12,0,0
102268,40,164769,576,1.17,1,1
102269,63,73734,774,0.06,1,1
102270,56,33698,724,0.71,0,0
102271,72,119423,643,0.47,2,0
102272,39,65979,685,0.05,0,0
102273,52,180961,767,0.51,1,0
102274,30,152559,555,0.19,0,0
102275,64,54886,595,1.0,1,0
102276,24,144777,566,0.97,4,0
102277,38,165567,569,0.98,2,0
102278,63,59605,513,0.97,3,0
102279,47,92510,799,0.41,0,0
102280,39,106563,561,0.44,2,0
102281,38,172399,679,0.42,1,0
102282,31,142413,513,0.24,2,0
102283,67,127084,833,0.27,2,0
102284,53,68516,640,0.19,1,1
102285,29,189442,700,0.36,1,0
102286,55,92646,522,0.26,0,0
102287,24,32728,512,0.01,4,0
102288,38,66264,698,1.02,0,0
102289,56,129076,565,1.17,1,0
102290,43,127264,725,0.56,1,0
102291,74,75510,661,1.4,3,0
102292,35,116983,543,1.17,1,0
102293,42,32762,848,1.31,0,1
102294,68,185078,841,0.52,0,0
102295,66,29702,665,0.22,1,0
102296,34,166661,767,0.18,1,0
102297,71,112670,504,1.06,0,0
102298,71,94019,605,0.77,1,0
102299,54,27108,849,0.91,1,1
102300,46,97398,601,0.06,4,0
102301,45,31515,520,1.3,0,0
102302,70,135010,502,0.55,1,0
102303,23,147213,730,0.98,1,0
102304,30,78426,848,1.25,2,0
102305,61,147806,750,0.06,1,0
102306,45,68330,621,0.53,1,0
102307,57,59839,766,0.61,1,0
102308,53,117676,759,0.28,2,0
102309,73,77517,828,0.98,2,0
102310,41,53634,703,0.75,1,0
102311,66,42030,578,0.95,1,0
102312,26,127513,785,0.37,1,0
102313,67,144459,722,0.84,0,0
102314,40,44477,594,0.13,2,0
102315,29,103860,736,0.57,1,0
102316,69,141131,845,0.8,1,1
102317,23,64030,776,0.5,0,0
102318,32,148598,692,1.15,1,0
102319,44,42618,567,0.27,0,0
102320,53,48332,571,0.4,1,1
102321,37,130762,560,0.58,1,0
102322,59,143434,765,1.11,0,1
102323,39,109763,633,0.54,1,1
102324,48,28771,781,1.05,3,1
102325,71,184943,759,0.93,2,0
102326,73,47831,792,0.88,2,0
102327,70,108975,565,1.12,0,0
102328,29,169453,704,1.11,1,0
102329,38,34812,516,0.14,2,1
102330,43,109536,790,0.2,2,0
102331,65,99660,640,0.49,1,0
102332,70,163583,562,0.42,2,0
102333,43,92804,510,0.15,1,0
102334,70,60332,707,0.21,0,0
102335,55,48921,817,0.49,1,0
102336,66,111764,641,0.66,2,1
102337,26,133418,542,0.33,1,1
102338,68,115969,806,1.12,0,0
102339,64,85233,727,0.7,0,0
102340,30,162060,820,1.12,0,0
102341,31,159956,571,1.39,1,0
102342,48,147508,502,1.17,3,1
102343,63,60995,504,1.06,0,0
102344,31,189920,762,0.55,2,1
102345,60,109924,684,0.23,3,0
102346,35,194487,529,0.38,0,0
102347,24,144143,560,1.08,1,0
102348,47,103668,656,0.61,0,0
102349,71,90540,616,1.17,2,0
102350,38,57242,709,0.47,0,0
102351,37,95898,831,0.1,1,0
102352,70,51982,652,0.55,1,0
102353,58,138808,786,1.39,2,0
102354,56,143394,596,0.65,2,1
102355,34,191021,568,1.3,1,1
102356,62,120313,574,1.27,1,0
102357,52,43976,777,0.62,0,0
102358,53,32199,820,0.25,0,0
102359,21,171106,530,0.86,1,0
102360,72,141877,617,0.93,0,0
102361,71,42747,617,0.54,0,0
102362,35,175696,624,0.69,1,1
102363,58,89294,695,0.7,2,0
102364,64,71975,678,0.39,2,1
102365,52,50682,560,1.02,2,0
102366,61,134111,685,0.94,2,0
102367,40,28828,843,0.2,1,0
102368,43,146088,695,1.0,1,0
102369,30,48192,849,0.72,2,0
102370,73,161925,530,1.24,2,1
102371,64,69380,539,0.59,0,1
102372,54,155437,503,0.2,4,1
102373,56,149262,617,0.4,0,0
102374,21,115164,820,0.21,1,0
102375,23,100311,564,0.86,1,0
102376,42,199777,511,0.0,0,0
102377,46,103152,554,0.66,0,0
102378,27,109798,728,1.39,2,0
102379,28,41799,562,1.06,1,0
102380,38,90883,565,0.32,1,0
102381,36,52062,590,0.02,1,0
102382,66,28227,505,0.08,1,1
102383,36,190053,755,0.17,3,1
102384,54,135283,746,0.88,1,0
102385,54,189059,842,1.15,0,0
102386,30,45859,687,0.03,2,0
102387,25,76010,632,0.66,0,1
102388,71,143843,828,1.09,2,0
102389,50,106125,711,0.02,2,0
102390,37,45692,825,1.06,3,0
102391,39,113636,773,0.88,0,0
102392,71,166661,609,1.39,2,1
102393,57,198852,734,0.34,1,0
102394,23,134081,579,1.26,0,0
102395,45,80678,540,0.22,1,0
102396,43,154017,658,0.99,2,0
102397,41,196914,644,1.2,0,0
102398,73,69936,845,1.19,0,0
102399,61,168317,755,0.85,2,0
102400,29,121369,562,0.15,1,0
102401,30,154695,665,0.14,2,0
102402,54,174292,812,0.9,0,0
102403,51,141415,541,0.27,2,0
102404,21,37238,772,0.47,1,1
102405,73,77422,834,0.66,1,0
102406,36,83318,723,0.23,2,0
102407,57,49433,779,1.04,0,1
102408,57,41015,500,1.19,0,0
102409,46,154570,707,0.48,0,0
102410,29,99968,541,0.2,2,1
102411,34,196164,784,0.2,1,0
102412,49,104247,696,0.44,1,0
102413,55,176298,797,1.32,3,0
102414,49,169417,625,0.53,1,0
102415,32,189788,540,0.58,0,0
102416,49,176159,715,1.36,0,0
102417,65,78807,838,0.51,1,1
102418,26,195224,847,1.39,1,0
102419,46,30003,579,1.2,0,0
102420,40,140496,642,0.77,1,0
102421,44,107166,725,0.72,4,1
102422,70,84679,540,0.64,0,0
102423,53,147344,652,0.32,1,0
102424,42,169175,542,0.84,0,0
102425,39,98887,713,0.66,4,0
102426,26,27983,507,0.78,1,0
102427,49,92990,674,1.39,1,0
102428,30,150249,540,0.53,0,0
102429,74,109836,770,0.83,1,0
102430,62,50269,616,0.69,1,0
102431,25,92452,822,0.5,0,0
102432,64,179026,500,1.32,2,0
102433,29,149241,798,0.34,2,0
102434,47,170619,745,0.3,2,0
102435,25,168072,781,0.84,1,0
102436,71,187700,506,0.78,0,0
102437,29,92470,846,0.64,1,1
102438,60,170428,597,0.7,2,0
102439,38,191063,662,0.92,1,0
102440,71,190069,593,1.26,2,0
102441,54,112074,507,0.23,1,0
102442,27,65226,704,0.47,2,1
102443,42,72834,505,0.49,0,1
102444,53,172914,563,0.81,1,0
102445,73,199814,799,1.32,1,0
102446,33,95618,635,0.41,2,1
102447,68,83738,506,0.58,0,1
102448,54,63202,655,0.59,2,0
102449,56,130512,675,0.79,1,0
102450,58,120259,546,1.14,3,0
102451,72,162867,752,0.02,4,0
102452,69,136952,705,0.87,0,0
102453,34,55897,711,0.95,1,1
102454,53,160929,639,0.64,4,0
102455,40,130402,712,0.14,2,0
102456,60,113982,718,0.91,1,0
102457,52,133982,726,0.31,1,1
102458,68,178419,610,0.19,2,0
102459,22,62690,613,0.74,1,0
102460,47,159918,649,0.83,2,0
102461,27,112823,688,0.61,0,1
102462,61,45418,781,0.4,0,1
102463,32,146284,703,1.27,2,0
102464,22,71416,818,1.06,1,1
102465,23,153885,802,0.58,1,0
102466,65,154067,561,0.05,2,0
102467,43,185145,525,1.36,2,0
102468,29,141799,623,0.22,1,0
102469,24,122303,522,0.26,1,0
102470,70,58582,590,1.08,1,0
102471,72,195342,597,1.32,0,0
102472,48,108045,664,0.83,2,0
102473,21,77487,840,1.3,0,1
102474,60,90326,768,0.21,0,0
102475,28,77239,767,0.3,3,0
102476,33,106499,519,1.08,1,0
102477,72,95079,615,0.69,1,0
102478,54,72481,648,0.06,1,0
102479,43,100343,542,0.2,2,0
102480,67,70076,594,0.67,4,0
102481,47,130105,544,0.15,0,0
102482,30,170000,549,0.82,0,0
102483,44,122746,617,0.91,3,0
102484,53,151436,533,0.6,1,1
102485,56,105934,816,0.28,1,0
102486,61,68202,527,0.94,0,0
102487,40,88613,626,0.85,4,0
102488,69,138193,657,0.9,2,1
102489,56,190839,505,1.32,5,0
102490,27,98884,592,1.17,2,1
102491,60,108373,706,0.82,2,0
102492,30,168203,539,0.82,2,1
102493,63,127821,652,0.81,0,0
102494,41,60515,526,0.39,1,0
102495,27,128026,625,0.26,0,0
102496,38,65065,718,0.67,2,0
102497,45,182100,610,0.37,1,0
102498,70,104224,576,0.97,3,0
102499,70,88483,512,0.64,1,0
102500,56,122002,559,0.48,0,1
102501,67,94122,786,0.14,2,1
102502,22,45458,698,0.21,0,1
102503,68,145459,556,0.82,0,0
102504,73,166996,847,0.49,1,1
102505,42,78658,732,1.05,2,0
102506,64,123395,733,0.57,0,0
102507,46,146869,811,0.05,0,0
102508,43,44514,604,0.56,0,0
102509,62,114261,796,0.37,1,0
102510,38,134479,587,0.86,0,1
102511,72,29776,843,1.01,0,0
102512,45,115077,770,0.52,1,0
102513,74,142052,663,0.21,1,0
102514,24,195948,528,1.22,1,0
102515,65,60864,718,0.3,0,0
102516,33,198865,587,0.35,1,0
102517,71,128036,601,0.96,0,0
102518,31,170508,654,1.03,1,0
102519,29,161741,781,0.12,0,0
102520,34,83819,779,0.26,0,0
102521,52,100327,566,1.22,3,0
102522,63,56575,548,0.87,0,0
102523,31,98340,627,0.65,0,1
102524,23,44243,542,0.86,0,0
102525,65,153817,660,0.01,2,1
102526,61,71245,560,0.87,1,0
102527,34,58535,797,1.34,3,0
102528,35,122858,559,0.83,1,1
102529,55,155442,664,0.13,0,1
102530,61,175049,618,1.1,2,0
102531,67,36721,597,1.39,1,0
102532,27,188880,625,1.39,2,0
102533,70,181667,613,0.09,1,0
102534,63,72180,593,1.22,1,0
102535,61,187788,620,0.57,0,0
102536,48,66239,740,1.0,0,0
102537,56,149333,657,0.35,1,0
102538,61,52583,669,1.14,3,0
102539,32,52139,714,0.46,1,1
102540,73,162420,701,0.75,0,1
102541,72,40254,652,1.12,1,0
102542,40,91563,700,0.47,0,0
102543,61,47583,638,0.21,5,1
102544,34,156481,780,1.04,1,1
102545,66,79256,523,0.96,0,0
102546,70,37431,731,0.92,1,0
102547,56,190151,679,0.54,1,0
102548,39,49148,520,0.75,0,0
102549,58,33919,649,0.96,1,1
102550,54,139671,702,0.41,2,0
102551,74,149573,830,0.9,0,0
102552,67,26822,737,0.43,1,0
102553,68,182964,608,0.47,1,1
102554,33,105404,520,1.26,0,0
102555,47,73557,575,0.08,1,0
102556,21,140494,612,1.3,1,0
102557,65,163126,601,1.18,1,0
102558,51,94590,598,0.48,4,0
102559,72,113902,818,0.31,0,0
102560,42,180529,519,0.48,0,0
102561,56,30057,690,0.35,0,1
102562,41,165785,773,0.96,2,0
102563,42,171104,624,0.48,1,0
102564,69,76596,547,0.47,2,0
102565,44,125853,703,0.55,0,0
102566,27,125001,516,0.58,1,0
102567,62,79079,576,0.19,0,0
102568,50,78826,615,0.96,1,0
102569,48,107558,520,1.22,0,1
102570,55,106414,641,1.38,5,0
102571,32,78155,717,0.15,1,0
102572,45,198523,573,0.55,1,0
102573,41,27420,672,1.12,0,0
102574,70,104316,815,0.71,0,0
102575,63,114294,600,1.13,2,0
102576,56,132496,645,0.66,0,0
102577,47,177503,757,0.59,2,0
102578,51,26046,726,1.04,3,0
102579,58,68378,638,0.89,1,1
102580,49,143111,662,0.68,1,0
102581,25,47275,810,0.13,1,0
102582,43,50533,665,1.2,0,0
102583,62,92266,776,1.12,1,0
102584,52,73737,723,0.61,0,0
102585,25,93008,595,0.37,2,0
102586,64,132836,737,1.39,2,0
102587,26,35361,629,0.97,0,0
102588,63,140336,757,0.9,1,0
102589,48,32809,741,0.59,1,1
102590,29,127884,681,0.01,1,1
102591,24,197467,660,0.95,0,0
102592,25,130842,846,0.3,2,0
102593,40,163657,506,1.11,0,0
102594,69,158670,684,0.6,2,0
102595,71,123633,810,0.01,0,0
102596,29,151899,742,0.13,2,0
102597,38,136351,586,0.3,1,0
102598,54,27774,772,1.35,1,0
102599,25,79033,695,1.34,1,0
102600,41,51996,591,0.27,3,1
102601,53,140396,653,0.72,2,0
102602,28,169115,698,0.28,2,0
102603,22,36344,598,0.99,0,0
102604,33,199679,787,1.21,1,0
102605,53,53601,831,0.63,2,0
102606,52,38564,558,0.95,0,0
102607,66,168197,626,0.25,0,1
102608,51,154759,527,0.02,1,0
102609,60,152723,534,0.35,0,0
102610,68,37362,606,1.12,1,0
102611,52,43141,591,0.73,2,0
102612,70,131678,557,1.24,1,0
102613,70,159758,548,0.15,1,0
102614,56,111166,716,1.06,3,0
102615,67,182994,574,0.6,1,0
102616,41,32674,620,0.05,1,0
102617,49,128166,755,0.95,0,0
102618,60,125196,721,0.63,1,0
102619,51,120111,605,0.86,4,1
102620,36,162014,647,0.61,2,0
102621,32,74092,612,1.39,0,1
102622,34,177980,545,0.6,0,0
102623,23,165872,679,1.26,1,0
102624,53,102709,641,0.28,0,1
102625,33,63451,645,0.03,1,0
102626,55,168427,814,0.71,1,0
102627,61,122874,662,1.32,1,0
102628,48,190857,823,0.72,2,0
102629,74,106539,637,0.65,1,1
102630,58,127732,754,0.89,1,0
102631,30,30627,583,0.99,1,0
102632,69,138890,608,0.57,3,0
102633,40,141488,706,0.56,0,0
102634,72,44246,590,1.12,4,1
102635,52,168070,747,1.31,1,0
102636,22,78027,618,1.16,0,0
102637,50,189047,627,0.12,3,0
102638,25,180358,832,0.18,0,0
102639,62,109653,637,1.06,1,0
102640,48,105956,745,0.16,1,1
102641,44,160681,671,1.14,1,1
102642,33,102470,683,0.13,0,0
102643,74,155992,514,1.01,2,0
102644,43,188300,511,0.99,0,0
102645,49,48977,751,0.05,0,0
102646,28,71285,734,0.26,3,0
102647,32,171549,755,1.17,1,0
102648,42,136784,567,0.75,2,0
102649,42,167924,742,0.12,1,1
102650,31,87444,617,0.41,1,1
102651,55,42952,689,0.14,1,0
102652,58,36934,702,0.61,0,0
102653,30,95805,674,1.37,3,0
102654,73,70914,722,0.71,0,1
102655,29,179009,811,0.61,0,1
102656,56,98211,516,0.86,1,0
102657,33,101241,813,0.19,2,0
102658,74,102936,586,0.73,1,0
102659,23,199884,756,1.37,2,0
102660,43,71202,752,0.57,2,0
102661,74,75402,509,0.4,2,0
102662,33,37339,642,0.61,0,0
102663,49,45407,825,0.31,1,0
102664,45,167278,575,0.86,2,0
102665,38,163145,507,0.23,0,0
102666,67,65135,521,0.04,0,0
102667,27,114191,781,1.38,2,0
102668,25,67749,539,0.09,0,0
102669,55,134161,632,1.26,3,1
102670,71,111828,779,0.62,0,0
102671,46,137703,622,0.24,1,0
102672,66,131547,784,0.1,1,0
102673,29,154257,632,0.57,2,0
102674,69,102733,715,0.29,2,0
102675,29,62989,538,0.4,1,0
102676,45,199475,514,0.16,1,0
102677,42,78944,838,0.6,0,0
102678,65,67911,546,0.19,0,0
102679,54,172983,601,0.61,2,0
102680,67,29013,760,0.81,6,0
102681,62,185340,572,0.74,1,0
102682,46,142887,663,0.29,0,0
102683,27,70136,731,0.64,2,0
102684,56,60173,547,0.03,3,0
102685,68,115400,747,1.3,1,0
102686,66,35973,543,0.22,1,0
102687,30,142114,678,1.26,1,0
102688,22,88339,699,1.21,4,0
102689,63,197870,541,1.34,2,0
102690,21,163555,806,0.24,1,0
102691,37,90043,582,1.11,1,0
102692,62,30261,660,0.39,1,1
102693,39,39106,640,1.33,0,1
102694,74,58895,722,0.31,1,0
102695,28,139841,523,0.87,0,0
102696,66,116371,737,0.36,1,0
102697,43,169569,661,0.31,0,0
102698,72,117430,558,0.5,1,1
102699,67,117538,539,0.47,1,0
102700,26,125442,657,1.14,0,1
102701,61,185070,734,0.35,1,0
102702,60,69693,765,0.8,3,0
102703,55,154316,503,0.8,1,0
102704,41,31282,729,0.17,0,0
102705,36,109309,534,1.06,0,0
102706,31,168971,568,0.96,1,0
102707,70,42951,808,0.25,1,0
102708,66,134166,798,1.18,2,1
102709,67,192157,746,1.03,2,0
102710,50,44707,804,0.92,3,0
102711,28,165314,844,1.36,2,0
102712,27,196296,730,0.92,0,0
102713,48,155205,537,1.21,3,1
102714,56,107577,528,1.12,1,1
102715,28,147740,575,0.26,3,1
102716,71,61013,646,0.3,1,0
102717,40,118903,826,0.83,1,0
102718,36,88250,604,1.37,1,0
102719,27,186122,650,0.15,0,0
102720,67,95931,596,1.02,1,0
102721,57,26077,606,0.46,0,1
102722,53,191269,715,0.42,1,1
102723,25,105174,557,1.1,0,0
102724,33,93459,617,0.57,1,0
102725,62,83795,719,0.94,0,0
102726,41,79661,740,0.14,5,0
102727,28,137534,510,1.18,0,0
102728,57,143860,786,1.32,1,0
102729,31,194806,793,0.95,3,0
102730,67,167804,832,0.69,0,0
102731,45,85912,711,1.24,0,0
102732,62,87315,596,0.22,0,0
102733,43,182889,551,0.01,1,0
102734,40,59050,753,0.77,1,0
102735,26,46583,786,0.68,1,0
102736,32,49866,826,0.3,2,1
102737,57,41877,744,0.37,0,1
102738,66,168930,629,0.12,1,0
102739,53,191779,542,1.33,3,1
102740,74,50961,640,0.72,1,0
102741,61,116322,532,1.31,2,0
102742,22,91264,740,1.01,2,0
102743,37,88904,744,0.68,2,0
102744,28,198383,739,0.37,1,0
102745,66,80684,655,0.12,2,0
102746,51,104326,782,0.65,2,0
102747,50,107604,559,1.19,2,0
102748,71,25199,763,0.95,4,0
102749,62,110035,711,1.03,1,0
102750,38,62545,658,0.46,0,0
102751,64,74101,500,0.68,4,1
102752,42,175035,751,1.11,1,0
102753,70,106854,833,0.09,0,0
102754,65,35069,632,0.14,1,0
102755,46,108087,631,1.03,0,0
102756,51,57081,823,0.43,1,1
102757,27,114242,746,0.91,4,0
102758,61,156102,652,1.4,1,0
102759,72,173366,613,0.25,4,0
102760,24,44122,694,0.46,0,1
102761,72,34792,634,0.6,1,0
102762,53,57297,745,0.14,1,0
102763,24,185544,799,0.86,2,0
102764,50,190638,607,0.68,1,1
102765,57,139978,765,0.59,1,0
102766,49,149371,740,0.32,2,0
102767,54,183533,510,0.15,2,1
102768,42,143010,737,0.39,2,1
102769,36,58440,637,0.44,2,0
102770,67,120212,648,0.01,1,0
102771,38,192345,802,1.04,1,0
102772,60,100825,838,1.2,1,1
102773,40,64961,582,1.08,4,1
102774,29,28795,814,0.71,3,0
102775,26,195088,784,0.89,1,0
102776,73,103648,672,1.15,2,0
102777,65,117475,771,0.7,1,0
102778,36,192370,654,1.35,3,1
102779,65,143469,832,0.28,1,0
102780,60,117728,568,0.23,3,0
102781,62,71956,828,1.19,0,0
102782,72,66688,689,1.19,0,0
102783,57,174763,678,0.65,1,0
102784,49,57158,540,1.0,0,0
102785,62,53337,744,1.1,1,0
102786,47,95023,656,0.96,0,0
102787,64,104339,737,0.61,1,0
102788,72,53471,602,1.18,2,0
102789,55,194456,810,0.31,1,0
102790,40,92086,536,0.71,3,0
102791,27,61808,725,1.07,0,0
102792,37,29069,642,1.0,0,0
102793,43,78469,644,0.78,2,0
102794,35,31113,510,0.76,0,1
102795,33,58254,588,0.53,2,1
102796,45,51961,560,0.14,2,0
102797,55,174469,730,1.19,2,0
102798,73,59048,615,1.31,2,0
102799,49,90243,635,0.51,0,0
102800,47,29801,727,0.94,1,0
102801,52,31192,743,0.37,0,0
102802,59,32224,585,0.82,1,0
102803,22,39490,800,1.05,2,0
102804,72,71477,634,0.01,2,1
102805,74,66839,599,1.32,1,0
102806,37,192349,614,0.97,1,0
102807,60,76681,569,1.09,1,0
102808,48,197073,718,1.27,2,0
102809,35,99795,711,0.5,0,0
102810,28,57872,839,1.34,1,1
102811,43,65515,501,0.93,1,0
102812,35,28701,569,1.27,2,0
102813,49,128502,689,0.74,2,0
102814,22,151921,842,0.78,0,1
102815,44,69835,672,0.95,3,0
102816,22,158969,605,1.1,1,0
102817,49,142294,634,1.11,1,0
102818,69,108262,844,0.63,1,0
102819,27,166439,650,0.93,0,0
102820,66,26625,802,0.1,3,0
102821,55,142424,746,1.13,2,0
102822,71,103796,613,0.2,1,0
102823,23,30017,539,0.32,2,1
102824,59,129167,538,0.38,0,0
102825,35,129197,678,0.04,3,0
102826,36,193561,632,1.19,1,0
102827,30,46487,693,0.65,1,1
102828,46,58807,528,0.03,0,0
102829,28,109345,673,0.79,2,0
102830,54,191468,701,0.78,0,0
102831,60,32362,804,0.37,1,0
102832,52,55466,626,0.63,1,0
102833,25,141965,641,0.72,1,0
102834,33,144639,681,0.16,2,0
102835,63,166158,551,1.38,0,0
102836,53,67424,540,0.84,0,0
102837,72,83756,528,0.37,0,0
102838,55,38743,702,0.93,2,0
102839,48,76980,545,0.04,1,0
102840,40,155253,591,0.08,0,0
102841,43,178021,546,0.91,2,1
102842,27,122037,781,0.52,2,0
102843,64,58816,686,0.21,2,0
102844,26,84143,515,1.34,1,0
102845,52,85284,663,1.2,0,0
102846,55,164881,517,0.31,2,1
102847,70,26422,772,0.95,0,0
102848,30,198284,753,0.14,1,0
102849,64,199356,816,0.54,1,0
102850,37,134281,791,1.35,4,0
102851,37,25898,688,0.16,2,0
102852,57,39799,803,0.58,2,0
102853,49,80862,522,1.18,0,0
102854,55,98034,828,0.09,2,1
102855,47,196033,634,0.41,1,0
102856,72,79006,549,0.32,0,0
102857,41,99525,516,0.09,3,0
102858,69,186817,750,0.64,1,0
102859,46,118315,664,0.12,0,0
102860,35,121264,698,0.29,3,0
102861,70,99038,795,1.36,0,0
102862,57,186957,721,1.25,3,0
102863,53,138547,803,0.5,2,0
102864,46,186123,826,1.36,1,0
102865,65,39509,779,0.96,3,0
102866,72,62580,821,0.89,1,0
102867,44,145949,710,0.95,1,0
102868,47,80680,536,0.84,1,0
102869,41,133867,837,0.78,1,0
102870,22,168554,542,1.04,1,0
102871,48,133172,561,0.07,0,0
102872,74,176928,816,0.87,1,0
102873,52,163952,618,0.17,1,0
102874,44,107336,603,1.05,2,0
102875,42,157586,598,0.41,1,0
102876,37,62220,524,0.23,1,0
102877,68,119118,604,1.32,1,0
102878,51,154300,668,0.02,1,0
102879,34,54035,816,0.43,0,1
102880,58,27817,604,0.69,2,0
102881,21,175546,760,1.04,0,0
102882,40,183848,814,0.05,3,0
102883,52,133510,558,0.95,0,0
102884,22,142645,827,0.89,2,0
102885,59,72994,717,0.31,2,0
102886,72,109654,637,0.61,0,0
102887,67,88611,795,0.19,0,0
102888,29,102640,570,0.85,1,0
102889,34,95413,604,1.13,2,0
102890,61,196532,727,0.72,0,0
102891,55,173485,743,0.38,1,1
102892,24,126707,509,1.31,1,0
102893,29,161534,547,0.61,4,1
102894,66,71050,554,1.39,0,0
102895,22,187359,822,0.61,0,0
102896,45,169448,827,0.08,2,0
102897,59,152376,719,1.38,0,1
102898,44,84735,721,0.44,1,0
102899,53,45266,576,1.18,2,0
102900,45,58779,528,0.42,2,0
102901,30,34346,703,1.33,0,0
102902,24,61057,658,0.59,2,0
102903,45,50187,845,0.08,0,0
102904,24,137638,501,0.13,3,1
102905,50,199114,766,0.39,0,0
102906,55,44385,737,0.69,0,1
102907,50,189212,688,1.06,3,1
102908,53,155609,697,1.05,1,0
102909,35,131250,539,0.85,2,0
102910,40,42623,716,0.91,0,0
102911,74,196755,545,1.16,1,1
102912,42,123840,840,0.09,2,1
102913,25,99004,791,0.78,1,1
102914,47,163503,603,0.29,2,1
102915,22,130936,566,0.2,1,1
102916,70,38558,833,1.24,0,0
102917,54,164580,725,0.67,1,0
102918,63,39690,671,0.3,1,1
102919,28,184413,762,0.55,1,0
102920,40,136201,744,0.26,0,0
102921,56,184601,577,0.92,1,0
102922,65,95630,673,1.1,0,0
102923,44,97147,678,0.43,2,0
102924,52,167993,639,0.94,0,1
102925,22,54583,705,0.9,0,0
102926,26,152047,654,0.93,1,0
102927,67,115566,773,0.5,3,0
102928,59,119114,674,0.69,0,1
102929,36,134553,774,1.19,1,1
102930,49,187912,707,1.15,1,0
102931,53,151762,543,1.03,3,0
102932,67,105904,785,1.09,1,0
102933,64,152891,667,0.54,2,0
102934,69,130571,793,0.82,0,1
102935,38,91704,534,0.81,2,0
102936,68,148505,510,0.63,0,0
102937,58,83981,503,1.37,2,0
102938,37,145023,774,1.23,1,0
102939,74,34512,543,0.08,1,0
102940,43,125746,823,0.62,1,0
102941,21,62362,695,0.66,1,1
102942,51,64668,500,0.54,2,1
102943,56,103439,635,1.21,0,0
102944,42,169700,778,1.06,1,0
102945,60,67658,520,1.24,1,0
102946,32,188359,723,1.07,0,0
102947,54,177554,694,0.14,1,0
102948,28,163922,736,0.79,3,0
102949,64,107043,766,0.48,2,0
102950,43,120615,771,1.36,2,0
102951,28,107405,751,0.27,1,1
102952,65,75624,557,0.7,0,0
102953,24,104554,830,0.91,2,0
102954,40,174362,715,0.12,1,0
102955,39,139528,658,0.71,3,0
102956,48,67426,567,0.93,0,0
102957,59,195139,663,0.72,0,0
102958,55,190573,693,1.32,1,0
102959,24,145651,698,0.03,0,1
102960,70,134241,597,0.16,1,0
102961,66,95503,693,0.36,1,0
102962,27,93142,808,0.05,1,0
102963,65,45041,571,1.28,1,0
102964,38,91601,516,0.81,0,0
102965,32,75090,659,0.77,1,0
102966,33,33254,618,1.18,2,1
102967,60,125397,579,0.85,2,0
102968,49,136845,575,0.1,1,0
102969,21,135753,634,0.5,1,0
102970,70,52764,756,1.12,3,0
102971,37,48188,833,1.3,0,0
102972,23,103697,651,0.52,1,0
102973,42,91203,819,0.03,2,1
102974,30,48102,780,0.09,0,0
102975,49,65116,786,1.4,1,0
102976,51,104438,808,0.33,0,0
102977,37,103475,787,0.51,2,0
102978,51,94812,555,0.33,2,0
102979,39,43203,651,0.74,0,0
102980,49,192543,537,1.2,1,1
102981,44,86684,622,0.77,0,0
102982,73,102475,784,0.5,1,0
102983,24,34677,721,0.44,0,1
102984,23,76178,528,0.84,2,0
102985,59,137974,579,0.89,1,0
102986,48,147650,746,1.19,0,0
102987,38,46151,688,0.6,0,0
102988,64,32409,530,0.23,3,0
102989,31,45151,766,1.1,4,0
102990,65,132448,732,0.53,2,0
102991,67,193974,622,0.83,1,0
102992,59,117916,704,0.9,2,0
102993,37,60508,621,0.38,1,0
102994,34,73803,510,0.16,1,0
102995,32,106995,508,0.83,1,1
102996,68,57522,749,0.35,2,0
102997,63,190658,779,1.33,1,0
102998,22,137853,675,1.3,4,0
102999,35,123588,701,0.11,3,0
